CREDIT_LIMIT,CUSTOMER_ID,HAS_PROD_Cashback_Card,HAS_PROD_Classic_Credit_Card,HAS_PROD_Gold_Credit_Card,HAS_PROD_Platinum_Credit_Card,HAS_PROD_Titanium_Credit_Card,HAS_PROD_Travel_Rewards_Card,HAS_PROD_World_Elite_Card,AGE_GROUP_18_25
20000,1,0,1,0,0,0,0,0,False
5000,2,1,0,0,0,0,0,0,False
15000,3,1,0,1,0,0,0,1,False
10000,4,1,0,0,0,0,0,0,False
10000,5,1,0,0,0,0,0,0,False
150000,6,0,0,0,1,0,0,0,False
75000,7,0,0,0,0,1,0,0,False
150000,8,0,0,0,1,0,0,0,False
10000,9,1,0,0,0,0,0,0,False
5000,10,1,0,0,0,0,0,0,False
150000,11,0,0,0,0,0,0,1,False
50000,12,0,0,0,0,0,0,0,False
10000,13,1,1,0,0,0,0,0,False
100000,14,0,0,0,0,0,0,1,False
10000,15,0,1,0,0,0,0,0,False
200000,16,0,0,0,0,0,0,0,False
5000,17,1,0,0,0,0,0,0,False
30000,18,0,1,0,0,0,0,0,False
15000,19,0,1,0,0,0,0,0,False
150000,20,0,0,0,0,0,0,0,False
200000,21,0,0,0,0,0,0,0,False
75000,22,0,1,0,1,0,1,0,False
15000,23,0,1,0,0,0,0,0,False
10000,24,0,1,0,0,0,0,0,False
15000,25,0,1,0,0,0,0,0,False
30000,26,0,0,1,0,0,0,0,False
150000,27,0,0,0,0,0,0,1,False
5000,28,0,1,0,0,0,0,0,False
20000,29,0,1,1,0,1,0,0,False
20000,30,1,0,1,0,0,0,0,False
30000,31,0,0,1,0,0,0,0,False
10000,32,1,0,0,0,0,0,0,False
5000,33,1,0,0,0,0,1,0,False
30000,34,0,0,1,0,0,0,0,False
200000,35,0,0,0,0,0,0,1,False
100000,36,0,0,0,0,0,0,1,False
15000,37,0,0,1,0,0,0,0,False
20000,38,0,1,0,0,0,0,0,False
10000,39,0,0,1,0,0,0,0,False
100000,40,0,0,0,1,0,1,0,False
150000,41,0,0,0,0,0,0,1,False
5000,42,1,0,1,0,0,0,0,False
150000,43,0,0,0,0,0,1,1,False
15000,44,0,0,1,0,0,0,0,False
50000,45,0,0,0,0,1,0,0,False
5000,46,0,1,0,0,0,0,0,False
100000,47,0,0,0,0,0,0,1,False
200000,48,0,0,0,1,0,1,0,False
5000,49,1,0,0,0,0,0,0,False
100000,50,0,0,0,1,0,0,0,False
10000,51,1,1,0,0,0,0,0,False
30000,52,1,0,0,0,0,0,0,False
100000,53,0,0,0,1,0,1,0,False
50000,54,0,0,0,0,0,0,0,False
10000,55,1,0,0,0,0,0,0,False
10000,56,0,0,1,0,0,0,0,False
30000,57,0,0,1,0,0,0,0,False
100000,58,0,0,0,1,0,1,0,False
75000,59,0,0,0,1,0,0,0,False
5000,60,0,1,0,1,0,0,0,False
75000,61,0,0,0,0,1,0,0,False
30000,62,0,1,0,0,0,0,0,False
30000,63,1,0,0,1,0,0,0,False
100000,64,0,0,0,1,0,0,0,False
200000,65,0,0,0,0,0,1,1,False
75000,66,0,0,0,1,0,0,0,False
10000,67,0,1,0,0,0,0,0,False
150000,68,0,0,0,1,0,0,0,False
10000,69,1,0,1,0,0,0,0,False
15000,70,1,0,0,1,0,0,0,False
20000,71,0,1,0,0,0,0,0,False
200000,72,0,0,0,1,0,1,1,False
20000,73,0,0,1,0,0,0,0,False
15000,74,0,0,1,0,0,0,1,False
30000,75,0,0,1,0,0,0,0,False
20000,76,1,1,0,0,0,0,1,False
30000,77,0,1,0,0,0,0,0,False
75000,78,0,0,0,0,1,0,0,False
30000,79,0,0,1,0,0,0,0,False
20000,80,1,1,0,0,0,0,0,False
200000,81,0,0,1,1,1,0,0,False
5000,82,0,1,0,0,0,0,0,False
50000,83,0,0,0,0,1,0,0,False
15000,84,1,0,0,0,0,1,0,False
100000,85,0,0,0,1,0,0,0,False
50000,86,0,0,0,1,0,0,0,False
10000,87,1,1,0,0,0,0,0,False
200000,88,0,0,0,1,1,1,0,False
5000,89,0,1,0,0,0,0,0,False
20000,90,1,1,0,0,0,0,0,False
5000,91,1,1,0,0,0,0,0,False
200000,92,0,0,0,1,0,0,0,False
150000,93,0,0,0,0,0,0,1,False
75000,94,0,0,0,0,1,0,0,False
150000,95,0,0,0,1,0,0,0,False
20000,96,0,0,1,0,0,0,0,False
10000,97,1,1,0,0,0,0,0,False
75000,98,0,0,0,0,1,0,0,False
20000,99,1,0,0,0,0,0,0,False
5000,100,1,1,0,1,0,0,0,False
200000,101,0,0,0,0,0,0,1,False
50000,102,0,0,0,1,0,0,0,False
100000,103,0,0,0,0,0,0,1,False
5000,104,1,0,0,0,0,0,0,False
10000,105,0,0,1,0,0,0,0,False
10000,106,1,1,0,0,0,0,0,False
75000,107,1,0,0,1,0,0,1,False
10000,108,1,0,0,1,0,0,0,False
50000,109,0,0,0,1,0,0,0,False
200000,110,0,0,0,1,0,0,0,False
50000,111,0,0,0,0,1,0,0,False
150000,112,0,0,0,0,0,0,1,False
10000,113,1,1,0,1,0,0,0,False
50000,114,0,0,0,0,1,0,0,False
15000,115,1,0,0,0,0,0,0,False
30000,116,0,0,1,0,0,0,0,False
30000,117,0,0,1,1,0,0,1,False
5000,118,1,0,1,0,0,0,0,False
50000,119,0,0,0,0,1,1,0,False
100000,120,0,0,0,1,0,1,0,False
50000,121,0,0,1,1,0,1,0,False
5000,122,1,0,0,0,0,0,0,False
50000,123,0,0,0,0,1,0,0,False
15000,124,1,0,0,0,1,0,1,False
100000,125,0,0,0,1,0,0,0,False
20000,126,1,0,0,0,0,0,0,False
150000,127,0,0,0,1,0,0,0,False
10000,128,1,0,1,0,0,0,0,False
15000,129,1,0,1,0,0,0,0,False
100000,130,0,0,0,0,0,0,1,False
75000,131,0,0,0,1,1,0,0,False
10000,132,0,1,0,0,0,0,0,False
15000,133,0,1,0,0,0,0,0,False
15000,134,1,0,0,0,0,0,0,False
200000,135,0,0,0,1,0,0,0,False
20000,136,0,1,0,0,0,0,0,False
20000,137,0,0,1,0,0,0,0,False
50000,138,0,0,0,0,1,0,0,False
20000,139,0,0,0,0,0,0,0,False
150000,140,0,0,0,0,0,1,1,False
200000,141,0,0,0,0,0,1,1,False
30000,142,1,0,0,0,0,0,0,False
15000,143,1,0,0,0,0,0,0,False
30000,144,1,0,1,0,0,0,0,False
30000,145,0,1,0,0,0,0,0,False
50000,146,1,0,0,1,0,1,0,False
5000,147,1,0,1,0,1,0,0,False
30000,148,0,0,0,0,0,0,0,False
30000,149,0,0,0,0,0,0,0,False
75000,150,0,0,0,1,0,0,0,False
200000,151,0,0,0,0,0,0,1,False
75000,152,0,0,0,1,0,0,0,False
200000,153,0,0,0,1,0,0,0,False
10000,154,1,0,0,0,0,0,0,False
200000,155,0,0,0,0,0,0,0,False
75000,156,0,0,0,1,0,0,0,False
50000,157,0,0,0,0,0,0,0,False
200000,158,0,0,0,0,0,0,0,False
50000,159,0,0,0,0,0,0,0,False
15000,160,1,0,0,0,0,0,0,False
30000,161,0,1,0,0,0,0,0,False
75000,162,0,0,0,1,0,1,0,False
50000,163,0,0,0,1,0,0,0,False
100000,164,0,1,0,1,0,0,1,False
150000,165,0,0,0,0,0,0,1,False
200000,166,0,0,0,1,0,0,0,False
20000,167,0,1,0,0,0,0,0,False
20000,168,0,0,1,0,0,0,0,False
20000,169,1,0,1,0,0,0,0,False
150000,170,0,0,0,1,0,0,0,False
15000,171,1,0,0,0,0,0,0,False
100000,172,0,0,0,1,0,0,0,False
20000,173,0,0,1,0,0,0,0,False
15000,174,1,0,0,0,0,1,0,False
15000,175,1,0,0,0,0,0,0,False
150000,176,0,0,0,0,0,0,1,False
200000,177,0,0,0,0,0,0,1,False
20000,178,0,1,0,0,0,0,0,False
20000,179,1,0,0,0,0,0,1,False
150000,180,0,0,0,0,0,0,0,False
150000,181,0,0,0,0,0,0,0,False
150000,182,0,0,0,1,0,0,0,False
5000,183,1,0,0,0,0,0,0,False
50000,184,0,0,1,1,0,1,0,False
30000,185,1,0,0,0,0,0,0,False
50000,186,0,0,0,0,1,0,0,False
75000,187,0,0,0,0,1,0,0,False
100000,188,0,0,0,1,0,1,0,False
20000,189,1,1,0,0,0,0,0,False
150000,190,0,0,0,0,0,0,1,False
15000,191,1,0,0,0,0,0,0,False
20000,192,0,1,0,0,0,0,0,False
15000,193,0,0,1,0,0,0,0,False
100000,194,0,0,0,0,0,0,1,False
75000,195,0,0,0,1,0,0,0,False
5000,196,0,1,0,0,0,0,0,False
100000,197,0,0,0,1,0,0,0,False
10000,198,1,0,0,0,0,0,0,False
30000,199,0,1,0,0,0,0,0,False
200000,200,0,0,0,0,0,1,1,False
30000,201,0,1,0,0,0,0,0,False
100000,202,0,0,0,1,0,0,0,False
100000,203,0,0,0,0,0,0,1,False
200000,204,0,0,0,1,0,0,0,False
5000,205,1,1,0,0,1,0,0,False
75000,206,0,0,0,0,1,0,0,False
10000,207,0,0,1,0,0,0,0,False
10000,208,1,0,0,0,0,0,0,False
100000,209,0,0,0,0,0,0,1,False
100000,210,0,0,0,1,0,0,0,False
15000,211,1,0,0,0,0,0,0,False
75000,212,0,0,0,1,0,1,0,False
150000,213,0,0,0,0,0,0,1,False
200000,214,0,0,0,1,0,0,0,False
50000,215,0,0,0,1,0,0,0,False
75000,216,0,0,0,1,0,0,0,False
5000,217,0,0,0,0,0,0,0,False
10000,218,0,1,0,0,0,0,0,False
150000,219,0,0,0,0,0,0,1,False
10000,220,0,1,0,0,0,0,0,False
20000,221,1,0,0,0,0,0,0,False
30000,222,0,0,1,0,0,0,0,False
5000,223,0,1,0,1,0,0,0,False
75000,224,0,0,0,1,0,0,0,False
5000,225,1,0,1,0,0,0,0,False
30000,226,0,1,0,0,0,0,0,False
100000,227,0,0,0,1,0,0,0,False
50000,228,0,0,0,0,1,0,0,False
200000,229,0,0,0,1,0,0,0,False
75000,230,0,0,0,1,0,1,0,False
5000,231,0,0,1,0,0,0,0,False
15000,232,0,0,1,0,0,0,0,False
200000,233,0,0,0,1,0,1,0,False
20000,234,0,0,0,0,0,0,0,False
200000,235,0,0,0,0,0,0,1,False
75000,236,0,0,0,0,1,0,0,False
30000,237,0,1,0,0,0,0,0,False
5000,238,0,0,1,0,0,0,0,False
5000,239,0,0,1,0,0,0,0,False
30000,240,1,0,0,0,0,0,0,False
15000,241,1,0,0,0,0,1,0,False
75000,242,0,0,0,1,0,0,0,False
10000,243,0,1,0,0,0,0,0,False
50000,244,0,0,0,1,0,0,0,False
200000,245,0,0,1,0,0,1,0,False
50000,246,0,0,0,0,1,0,0,False
30000,247,0,1,0,0,0,0,0,False
75000,248,0,0,0,1,0,0,0,False
30000,249,0,1,0,0,0,0,0,False
10000,250,0,1,0,0,0,0,0,False
200000,251,0,0,0,1,0,0,0,False
30000,252,0,0,1,0,0,0,0,False
20000,253,0,0,1,0,0,0,0,False
15000,254,1,0,1,0,0,0,1,False
15000,255,0,1,0,0,0,0,0,False
30000,256,0,0,0,0,0,0,0,False
20000,257,0,0,1,0,1,0,0,False
15000,258,0,1,0,0,0,0,0,False
20000,259,1,0,0,0,0,0,0,False
15000,260,1,0,0,0,0,0,0,False
20000,261,0,0,0,0,0,0,0,False
100000,262,0,0,0,0,0,0,1,False
15000,263,0,0,1,0,1,0,0,False
100000,264,0,0,0,1,0,0,0,False
200000,265,0,0,0,0,0,1,1,False
20000,266,1,1,1,0,0,0,0,False
5000,267,1,0,0,0,0,0,0,False
100000,268,0,0,0,0,0,0,1,False
10000,269,0,0,1,0,0,0,0,False
200000,270,0,0,0,0,0,0,1,False
30000,271,0,0,1,0,0,0,0,False
100000,272,0,0,0,0,0,0,1,False
30000,273,0,0,1,0,0,0,0,False
30000,274,1,1,0,0,0,0,0,False
5000,275,0,0,1,0,0,1,0,False
150000,276,0,0,0,0,0,0,1,False
75000,277,0,0,1,0,1,0,0,False
150000,278,0,1,0,1,0,0,0,False
10000,279,0,0,1,0,1,0,0,False
30000,280,1,0,0,0,0,0,0,False
30000,281,0,0,1,0,0,0,0,False
50000,282,0,0,0,1,0,1,0,False
10000,283,1,0,1,0,0,0,0,False
5000,284,1,0,1,0,0,0,0,False
200000,285,0,0,0,1,0,0,0,False
5000,286,0,1,0,0,0,1,0,False
15000,287,1,1,0,0,0,0,0,False
30000,288,1,0,1,0,0,0,0,False
100000,289,0,0,0,1,0,0,0,False
5000,290,0,0,1,0,0,0,0,False
200000,291,0,0,0,1,0,1,0,False
150000,292,0,0,0,1,0,0,0,False
30000,293,1,0,1,0,0,0,0,False
20000,294,1,0,0,0,0,0,0,False
200000,295,0,0,0,0,0,0,1,False
30000,296,1,1,0,0,0,0,0,False
75000,297,0,0,0,1,0,0,0,False
20000,298,0,0,1,0,0,0,0,False
30000,299,1,0,0,0,0,0,0,False
5000,300,0,1,0,0,0,0,0,False
200000,301,0,0,0,0,0,0,1,False
30000,302,0,0,1,0,0,0,0,False
75000,303,0,0,0,1,0,0,0,False
20000,304,1,0,1,0,0,0,0,False
100000,305,0,1,0,0,0,1,1,False
15000,306,0,0,1,0,1,0,0,False
50000,307,0,0,0,0,1,1,0,False
100000,308,0,0,0,0,0,0,1,False
200000,309,0,0,0,1,0,0,0,False
100000,310,0,0,0,1,0,0,0,False
10000,311,0,1,0,0,0,0,0,False
150000,312,0,0,0,0,0,1,0,False
150000,313,0,0,0,0,0,0,1,False
10000,314,0,1,0,0,0,0,0,False
200000,315,0,0,0,0,0,1,1,False
200000,316,0,0,0,1,0,0,0,False
150000,317,0,0,0,0,0,0,1,False
20000,318,1,0,1,1,0,0,0,False
150000,319,0,1,0,0,0,1,1,False
10000,320,1,0,0,0,0,0,0,False
30000,321,1,1,0,0,0,0,0,False
50000,322,0,0,0,1,0,1,0,False
30000,323,1,1,0,0,0,0,0,False
30000,324,0,1,0,0,0,0,0,False
20000,325,1,0,0,0,0,0,0,False
20000,326,0,0,1,0,0,1,0,False
15000,327,1,1,0,0,0,0,0,False
15000,328,0,0,1,0,0,0,0,False
150000,329,0,0,1,0,0,1,1,False
30000,330,1,0,0,0,1,0,1,False
75000,331,0,0,0,0,1,0,0,False
20000,332,0,1,0,0,0,0,0,False
20000,333,1,0,0,0,0,0,0,False
15000,334,1,0,0,0,0,0,0,False
10000,335,1,0,0,0,0,0,0,False
30000,336,0,0,1,0,0,0,0,False
150000,337,0,0,0,0,0,1,1,False
150000,338,0,0,0,1,0,0,0,False
15000,339,1,0,0,0,1,0,0,False
15000,340,1,0,0,0,0,0,0,False
15000,341,0,0,1,0,0,0,0,False
15000,342,1,0,1,0,0,0,0,False
150000,343,0,0,0,0,0,0,1,False
150000,344,0,0,0,1,0,0,0,False
150000,345,0,0,0,0,0,0,1,False
200000,346,0,1,0,1,0,0,0,False
150000,347,0,0,0,1,0,0,0,False
200000,348,0,0,0,1,0,0,0,False
50000,349,0,0,0,0,0,0,1,False
20000,350,0,0,1,0,0,0,0,False
200000,351,0,0,0,1,0,0,0,False
5000,352,0,1,0,0,0,0,0,False
100000,353,0,0,0,1,0,1,1,False
100000,354,0,0,0,0,0,0,1,False
15000,355,0,0,1,0,0,0,0,False
75000,356,0,0,0,1,0,0,0,False
10000,357,0,0,1,0,0,0,0,False
5000,358,1,0,0,0,0,0,0,False
75000,359,0,0,0,0,1,0,0,False
100000,360,0,0,0,1,0,0,0,False
100000,361,0,0,0,1,0,0,0,False
75000,362,0,0,0,1,0,0,0,False
5000,363,0,0,1,0,0,0,0,False
200000,364,0,0,0,1,0,0,0,False
75000,365,0,0,0,1,0,0,0,False
20000,366,1,1,1,0,0,0,0,False
10000,367,1,0,0,0,0,0,1,False
200000,368,0,0,0,1,0,0,0,False
150000,369,0,0,0,1,0,1,0,False
200000,370,0,0,0,0,0,0,1,False
200000,371,0,0,0,0,0,0,1,False
50000,372,0,0,0,0,0,0,1,False
15000,373,0,0,1,0,0,0,0,False
100000,374,0,0,0,0,0,0,1,False
20000,375,1,0,0,0,0,0,0,False
30000,376,0,1,0,0,0,0,0,False
15000,377,0,0,1,0,0,0,0,False
30000,378,1,0,0,0,0,0,0,False
100000,379,0,0,0,1,0,0,0,False
150000,380,0,0,0,1,0,1,0,False
50000,381,0,0,0,0,1,0,0,False
200000,382,0,0,0,1,0,0,0,False
30000,383,0,0,1,0,0,0,0,False
150000,384,0,0,0,0,0,0,1,False
15000,385,0,0,1,0,0,0,0,False
150000,386,0,0,0,1,0,0,0,False
100000,387,0,0,0,1,0,0,0,False
5000,388,0,0,0,1,1,0,0,False
150000,389,0,0,0,0,0,0,1,False
30000,390,1,0,0,0,0,0,0,False
200000,391,0,0,0,1,0,0,0,False
30000,392,1,1,0,0,0,0,0,False
50000,393,0,0,0,1,0,0,0,False
20000,394,1,1,0,0,0,0,0,False
150000,395,0,0,0,1,0,0,0,False
30000,396,0,1,0,0,0,0,0,False
200000,397,0,0,0,0,0,0,1,False
100000,398,0,0,0,1,0,0,0,False
50000,399,0,0,0,0,1,0,0,False
100000,400,0,0,0,1,0,0,0,False
150000,401,0,0,0,0,0,0,1,False
5000,402,1,0,1,0,0,0,0,False
50000,403,0,0,0,1,0,0,0,False
100000,404,0,0,0,1,0,0,0,False
100000,405,0,0,0,0,0,0,1,False
10000,406,0,1,0,0,0,0,0,False
200000,407,0,0,0,1,0,0,0,False
150000,408,0,0,0,0,0,0,1,False
50000,409,0,0,0,1,0,0,0,False
30000,410,0,1,0,0,0,0,0,False
150000,411,0,0,0,0,0,0,1,False
20000,412,0,0,1,0,0,0,0,False
15000,413,1,0,0,0,0,0,0,False
50000,414,0,0,0,0,1,0,1,False
50000,415,0,0,0,0,1,0,0,False
10000,416,0,0,1,0,0,0,0,False
10000,417,1,0,0,0,0,0,0,False
200000,418,0,0,0,0,0,0,1,False
75000,419,0,0,0,0,1,0,0,False
200000,420,0,0,0,0,0,0,1,False
15000,421,1,0,0,0,0,0,0,False
150000,422,0,0,0,1,0,1,0,False
30000,423,1,0,0,1,0,0,0,False
75000,424,0,0,0,1,0,1,1,False
150000,425,0,0,0,1,0,0,0,False
5000,426,0,1,0,0,1,0,0,False
20000,427,0,1,0,0,0,0,0,False
20000,428,1,0,0,0,0,0,0,False
150000,429,0,0,0,0,0,0,1,False
10000,430,1,0,0,0,0,0,0,False
15000,431,0,0,1,0,1,0,0,False
5000,432,0,1,0,1,1,0,0,False
75000,433,0,0,0,0,1,1,0,False
150000,434,0,0,0,0,0,0,1,False
100000,435,0,0,0,0,0,0,1,False
150000,436,0,0,0,1,0,0,0,False
15000,437,1,0,0,0,0,0,0,False
150000,438,0,0,0,0,0,0,1,False
30000,439,0,1,0,0,0,0,0,False
150000,440,0,0,0,1,0,0,0,False
20000,441,1,0,0,0,0,0,0,False
200000,442,0,0,0,0,0,0,1,False
200000,443,0,0,0,1,0,0,0,False
75000,444,0,0,0,0,1,0,0,False
200000,445,0,0,0,0,0,0,1,False
50000,446,0,0,0,0,1,0,0,False
5000,447,0,1,0,0,0,0,0,False
5000,448,0,0,1,0,0,0,0,False
50000,449,0,0,1,1,0,0,0,False
150000,450,0,0,0,1,0,0,0,False
200000,451,0,0,0,1,0,1,0,False
75000,452,0,0,0,0,1,0,0,False
20000,453,0,1,0,0,0,0,0,False
150000,454,0,0,0,1,0,0,0,False
100000,455,0,0,0,0,0,1,1,False
5000,456,1,0,1,0,0,0,0,False
30000,457,0,1,0,0,0,0,0,False
30000,458,0,1,0,0,0,0,0,False
10000,459,0,0,1,0,0,0,0,False
10000,460,0,1,0,0,0,0,0,False
200000,461,0,0,0,1,0,1,0,False
100000,462,0,0,0,1,0,0,0,False
30000,463,1,0,0,0,0,0,0,False
200000,464,0,0,0,1,0,1,0,False
200000,465,0,0,0,0,0,0,1,False
75000,466,0,0,0,1,0,0,0,False
30000,467,0,0,1,0,0,0,0,False
5000,468,0,0,1,0,1,0,0,False
5000,469,1,0,0,0,0,0,0,False
100000,470,0,0,0,1,0,0,0,False
15000,471,0,0,0,0,0,0,0,False
15000,472,1,0,0,0,0,0,0,False
20000,473,1,0,0,0,0,0,0,False
15000,474,1,1,1,0,0,0,0,False
5000,475,0,1,0,0,0,0,0,False
30000,476,1,0,0,0,0,0,0,False
30000,477,0,0,1,0,0,0,0,False
30000,478,0,1,0,0,0,0,0,False
100000,479,0,0,0,0,0,1,1,False
15000,480,0,0,1,0,0,0,0,False
150000,481,0,0,0,1,0,0,0,False
75000,482,1,0,0,1,0,1,0,False
75000,483,0,0,0,1,0,1,0,False
10000,484,1,0,0,0,0,0,0,False
200000,485,0,0,0,0,0,0,1,False
10000,486,0,0,1,0,0,0,0,False
30000,487,0,0,1,0,0,0,0,False
15000,488,0,0,0,0,0,0,0,False
200000,489,0,0,1,0,0,0,1,False
100000,490,0,0,0,0,0,0,0,False
50000,491,0,0,0,1,0,0,0,False
5000,492,0,0,1,0,0,0,0,False
5000,493,0,0,1,0,0,0,0,False
50000,494,0,0,0,1,0,0,0,False
100000,495,0,0,0,0,0,0,1,False
15000,496,0,1,0,0,0,0,0,False
50000,497,0,0,1,1,0,1,0,False
15000,498,0,0,1,0,0,0,0,False
10000,499,0,1,0,0,0,0,0,False
75000,500,0,0,0,1,0,1,0,False
20000,501,1,0,0,0,0,0,0,False
30000,502,0,1,0,0,0,0,0,False
75000,503,0,0,0,0,1,0,0,False
10000,504,1,0,0,0,1,0,0,False
10000,505,1,1,0,0,0,0,0,False
100000,506,0,0,0,0,0,0,1,False
5000,507,0,0,1,0,0,0,0,False
15000,508,1,1,0,0,0,1,0,False
20000,509,0,1,0,0,0,0,0,False
5000,510,0,0,1,0,0,0,0,False
50000,511,0,0,0,1,0,0,0,False
100000,512,0,0,0,1,0,1,0,False
30000,513,1,0,0,0,0,0,1,False
10000,514,1,0,0,0,0,0,0,False
15000,515,0,1,0,0,0,0,0,False
75000,516,0,0,0,0,1,0,0,False
30000,517,1,0,0,0,0,0,0,False
15000,518,0,1,0,0,0,0,0,False
15000,519,0,0,0,0,0,0,0,False
75000,520,0,0,0,0,1,0,0,False
20000,521,0,0,0,0,0,0,0,False
30000,522,1,0,0,0,0,1,0,False
50000,523,0,0,0,1,0,0,0,False
5000,524,0,1,0,1,1,0,0,False
15000,525,1,0,1,0,0,0,0,False
200000,526,0,0,0,0,0,0,1,False
150000,527,0,0,0,0,0,0,1,False
75000,528,0,0,0,1,1,0,0,False
10000,529,0,0,1,0,0,0,1,False
200000,530,0,0,0,1,0,0,0,False
30000,531,0,0,1,0,0,0,0,False
200000,532,0,0,0,1,0,0,0,False
75000,533,0,0,0,1,0,0,0,False
200000,534,0,0,0,1,0,0,0,False
100000,535,0,0,0,0,0,0,1,False
10000,536,1,0,0,0,0,0,0,False
10000,537,0,1,0,0,0,0,0,False
20000,538,0,1,0,0,0,0,0,False
30000,539,0,0,1,0,0,0,0,False
20000,540,0,1,0,0,0,0,0,False
5000,541,0,0,1,0,0,0,0,False
200000,542,0,0,0,1,0,0,0,False
150000,543,0,0,0,0,0,0,1,False
5000,544,1,0,0,0,0,1,0,False
20000,545,0,1,0,0,0,0,0,False
150000,546,0,0,0,1,0,0,0,False
30000,547,0,1,0,0,0,0,0,False
10000,548,0,0,1,0,0,0,0,False
10000,549,1,0,0,0,1,0,0,False
75000,550,0,0,0,0,0,0,0,False
5000,551,1,1,0,0,0,0,0,False
10000,552,1,0,0,0,0,0,0,False
50000,553,0,0,0,1,0,0,0,False
15000,554,0,0,1,0,0,0,0,False
150000,555,0,0,0,1,0,0,0,False
30000,556,1,0,0,0,0,0,0,False
75000,557,0,1,0,1,1,0,0,False
10000,558,1,0,0,0,0,0,0,False
5000,559,0,0,0,0,0,0,0,False
50000,560,0,0,0,0,0,0,0,False
150000,561,0,0,0,0,0,0,1,False
50000,562,0,0,0,0,1,0,0,False
50000,563,0,0,0,0,1,0,0,False
100000,564,0,0,0,1,0,1,0,False
75000,565,0,0,0,1,0,0,0,False
20000,566,0,1,0,0,0,0,0,False
30000,567,0,0,1,0,0,0,0,False
10000,568,1,0,0,0,0,1,0,False
150000,569,0,0,0,0,0,0,1,False
20000,570,0,1,0,0,0,0,0,False
50000,571,0,0,0,0,1,0,0,False
30000,572,1,0,0,0,0,0,0,False
150000,573,0,0,0,1,0,1,0,False
100000,574,0,0,0,1,0,1,0,False
15000,575,0,0,1,0,0,0,0,False
15000,576,1,0,0,0,0,0,0,False
75000,577,0,0,0,1,0,0,0,False
75000,578,0,1,0,1,0,1,0,False
200000,579,0,0,0,1,0,0,0,False
10000,580,0,1,0,0,0,0,0,False
20000,581,0,1,0,0,0,0,0,False
10000,582,0,0,1,0,0,0,0,False
5000,583,0,1,0,0,0,0,0,False
50000,584,0,0,0,1,1,1,0,False
75000,585,0,0,0,0,1,0,0,False
200000,586,0,0,0,1,0,0,0,False
15000,587,0,1,0,0,0,0,0,False
50000,588,0,0,0,0,1,0,0,False
150000,589,0,0,0,0,0,0,1,False
50000,590,0,0,0,1,0,0,0,False
100000,591,0,0,0,0,0,0,1,False
30000,592,1,1,0,0,0,0,0,False
15000,593,1,0,1,0,0,0,0,False
10000,594,0,0,1,0,0,0,0,False
50000,595,0,0,0,0,1,0,0,False
10000,596,0,1,0,0,0,0,0,False
200000,597,0,0,0,0,0,0,1,False
200000,598,0,0,0,0,0,1,1,False
50000,599,1,0,0,0,1,0,0,False
75000,600,0,0,0,0,1,0,0,False
30000,601,1,0,0,1,0,0,0,False
20000,602,1,0,0,0,0,0,0,False
15000,603,0,0,0,0,0,0,0,False
200000,604,0,0,0,1,0,0,0,False
200000,605,0,0,0,0,1,1,1,False
30000,606,1,1,0,0,0,0,0,False
20000,607,1,0,0,0,0,0,0,False
100000,608,0,0,0,1,0,0,0,False
100000,609,0,0,0,0,0,0,1,False
50000,610,0,0,0,1,0,0,0,False
30000,611,1,0,0,0,0,0,1,False
150000,612,0,0,0,0,0,0,1,False
15000,613,0,1,0,0,0,0,0,False
150000,614,0,0,0,1,0,0,0,False
75000,615,0,1,0,0,1,0,0,False
75000,616,0,0,0,0,1,0,0,False
30000,617,1,1,0,0,0,1,0,False
50000,618,0,1,0,0,1,0,0,False
10000,619,1,0,0,0,0,0,0,False
75000,620,0,0,0,1,0,0,0,False
100000,621,0,0,0,1,0,1,1,False
100000,622,0,0,0,1,0,0,0,False
50000,623,0,0,0,0,1,0,0,False
15000,624,1,0,0,0,0,0,0,False
150000,625,0,0,0,0,1,1,1,False
30000,626,0,0,1,0,0,0,0,False
20000,627,1,0,1,0,0,0,0,False
75000,628,0,0,0,0,0,1,0,False
75000,629,0,0,0,0,1,0,0,False
5000,630,1,0,0,0,0,0,0,False
5000,631,0,0,1,0,0,0,0,False
100000,632,0,0,0,1,0,1,0,False
50000,633,0,0,0,1,0,0,0,False
75000,634,0,0,0,0,1,0,0,False
30000,635,1,1,0,1,0,0,0,False
75000,636,0,0,0,0,1,0,0,False
15000,637,0,0,1,0,0,0,0,False
150000,638,0,0,0,1,0,1,1,False
50000,639,0,0,0,0,1,0,0,False
30000,640,1,0,0,0,0,0,0,False
50000,641,0,0,0,0,1,0,0,False
100000,642,0,0,0,0,0,0,1,False
5000,643,0,1,0,0,0,0,0,False
30000,644,0,0,1,0,0,0,0,False
10000,645,0,0,1,0,0,0,0,False
200000,646,0,0,0,0,0,1,1,False
100000,647,1,0,0,1,0,0,1,False
20000,648,0,0,1,0,0,0,0,False
20000,649,1,1,0,0,1,0,0,False
30000,650,0,1,0,0,0,0,0,False
10000,651,0,1,0,0,0,0,0,False
5000,652,0,0,1,0,0,0,0,False
75000,653,0,0,0,1,0,1,0,False
20000,654,1,0,0,0,0,0,0,False
100000,655,0,0,0,0,0,0,1,False
30000,656,1,1,0,0,0,0,0,False
5000,657,1,0,0,0,0,0,0,False
100000,658,0,0,0,1,0,0,0,False
100000,659,0,0,0,0,1,1,1,False
5000,660,0,0,1,0,0,0,0,False
5000,661,0,0,1,0,0,0,0,False
5000,662,1,1,0,0,0,0,0,False
50000,663,0,1,0,0,1,1,0,False
50000,664,0,0,0,1,0,0,0,False
30000,665,1,0,0,0,1,0,0,False
150000,666,0,0,0,1,0,0,0,False
75000,667,0,0,0,1,0,0,0,False
200000,668,0,1,0,1,0,1,0,False
150000,669,0,0,0,1,0,0,0,False
15000,670,1,0,0,0,0,0,0,False
30000,671,0,1,0,0,0,0,0,False
20000,672,1,0,0,0,0,1,1,False
5000,673,0,0,0,0,0,0,0,False
150000,674,0,0,0,1,0,1,0,False
5000,675,0,1,0,0,0,0,0,False
75000,676,0,0,0,1,0,0,0,False
75000,677,0,0,0,0,1,0,0,False
10000,678,1,0,0,0,0,0,0,False
20000,679,0,1,0,0,0,0,0,False
10000,680,0,0,1,0,0,0,0,False
15000,681,0,0,1,0,0,0,0,False
200000,682,0,0,0,1,0,0,0,False
75000,683,0,0,0,1,0,1,0,False
20000,684,1,0,0,0,0,0,0,False
10000,685,1,0,1,0,0,0,0,False
75000,686,0,0,0,1,0,1,0,False
10000,687,0,1,0,0,0,0,0,False
15000,688,1,0,0,0,0,0,0,False
15000,689,1,0,0,0,0,0,1,False
100000,690,0,0,0,0,0,0,1,False
5000,691,0,1,0,0,0,0,0,False
10000,692,1,0,0,0,0,0,0,False
10000,693,0,1,0,0,0,0,0,False
200000,694,0,0,0,0,0,0,1,False
10000,695,1,0,0,0,0,0,0,False
200000,696,0,0,0,0,0,0,1,False
20000,697,0,1,0,0,0,0,0,False
100000,698,0,0,0,1,0,0,0,False
50000,699,0,0,0,1,0,0,0,False
10000,700,0,1,0,0,0,0,0,False
75000,701,0,0,0,1,0,0,0,False
30000,702,0,0,0,0,0,0,0,False
15000,703,0,0,0,0,0,0,0,False
15000,704,0,0,1,0,0,0,0,False
20000,705,1,1,0,0,0,1,0,False
200000,706,0,0,0,0,0,0,1,False
50000,707,0,0,0,0,1,0,0,False
100000,708,0,0,0,0,0,0,1,False
20000,709,0,0,1,0,0,0,0,False
50000,710,0,0,0,1,0,0,0,False
150000,711,0,0,0,1,0,0,0,False
10000,712,0,1,0,0,0,0,0,False
15000,713,0,0,1,0,0,0,0,False
5000,714,0,1,0,0,0,0,0,False
100000,715,0,0,0,0,0,0,1,False
75000,716,0,0,0,0,1,0,0,False
150000,717,1,0,0,0,0,1,1,False
5000,718,0,1,0,0,0,0,0,False
20000,719,1,0,0,0,0,0,0,False
10000,720,0,0,0,0,0,0,0,False
15000,721,1,0,1,0,1,0,0,False
200000,722,0,0,0,1,0,0,0,False
10000,723,1,0,0,0,0,0,0,False
30000,724,0,1,0,0,0,0,0,False
10000,725,0,0,1,0,0,0,0,False
15000,726,0,0,1,0,0,0,0,False
5000,727,1,0,0,0,0,0,0,False
5000,728,0,0,1,0,0,0,0,False
150000,729,0,0,0,1,0,0,0,False
30000,730,1,0,0,0,0,0,0,False
15000,731,0,0,1,0,0,0,0,False
20000,732,0,0,1,0,0,0,0,False
30000,733,0,1,0,0,0,0,0,False
200000,734,0,0,0,0,0,0,0,False
50000,735,0,0,0,1,0,1,0,False
10000,736,1,0,1,0,0,0,0,False
15000,737,0,1,0,0,0,0,0,False
20000,738,1,0,0,0,0,0,0,False
150000,739,0,0,0,0,0,0,1,False
20000,740,0,1,0,0,0,0,0,False
75000,741,0,0,0,1,0,0,0,False
50000,742,0,0,0,1,0,0,0,False
50000,743,0,0,1,1,0,0,0,False
15000,744,1,0,1,0,0,0,0,False
5000,745,0,0,1,0,0,0,0,False
15000,746,1,0,0,0,0,0,0,False
15000,747,1,0,1,0,1,0,0,False
10000,748,0,1,0,0,0,0,0,False
75000,749,1,0,0,1,0,1,0,False
20000,750,0,1,0,0,0,0,0,False
75000,751,0,0,0,0,0,0,0,False
100000,752,0,0,0,0,0,0,1,False
5000,753,0,0,1,0,0,0,0,False
10000,754,0,1,0,0,0,0,0,False
75000,755,0,0,0,0,1,0,0,False
75000,756,0,0,0,1,0,0,0,False
20000,757,0,1,0,1,0,0,0,False
15000,758,1,1,0,0,1,0,0,False
75000,759,0,0,0,0,0,0,0,False
10000,760,1,1,0,0,0,0,1,False
15000,761,0,0,1,0,0,0,0,False
5000,762,0,0,1,0,0,0,0,False
30000,763,0,0,1,0,0,0,0,False
50000,764,0,0,0,0,1,0,0,False
10000,765,0,1,0,0,0,0,0,False
30000,766,0,1,0,0,0,0,0,False
150000,767,0,0,0,1,0,0,0,False
150000,768,0,0,0,1,0,1,0,False
30000,769,1,0,0,0,0,0,0,False
150000,770,0,0,0,1,0,0,0,False
5000,771,1,0,0,0,0,0,0,False
5000,772,0,1,0,0,0,0,0,False
5000,773,0,0,1,0,0,0,0,False
5000,774,0,0,1,0,0,0,0,False
200000,775,0,0,0,1,0,0,0,False
50000,776,0,0,0,1,0,1,1,False
15000,777,0,1,0,0,0,0,0,False
15000,778,0,0,1,0,0,0,0,False
30000,779,1,1,1,0,0,0,0,False
100000,780,0,0,0,1,0,0,0,False
10000,781,1,0,0,0,0,0,0,False
50000,782,0,0,0,0,1,0,0,False
200000,783,0,0,0,0,0,0,1,False
15000,784,0,0,1,0,0,0,0,False
15000,785,0,0,1,0,0,0,0,False
15000,786,1,0,1,0,0,0,0,False
150000,787,0,0,0,0,0,0,0,False
10000,788,0,1,0,0,0,0,0,False
30000,789,1,0,0,0,0,0,0,False
75000,790,0,0,0,0,1,0,0,False
5000,791,0,1,0,0,0,0,0,False
150000,792,0,0,0,1,0,0,0,False
150000,793,0,0,0,1,0,0,0,False
30000,794,0,1,0,0,0,0,0,False
100000,795,0,0,0,0,0,0,0,False
10000,796,0,0,1,0,0,0,0,False
30000,797,1,0,0,0,0,0,0,False
5000,798,0,0,1,0,0,0,0,False
50000,799,0,0,0,1,0,1,0,False
30000,800,0,0,1,0,0,0,0,False
150000,801,0,0,0,0,0,0,1,False
200000,802,0,0,0,0,0,0,1,False
100000,803,0,0,0,1,0,0,0,False
30000,804,0,0,0,0,1,1,0,False
15000,805,1,0,0,0,0,0,0,False
200000,806,0,0,0,0,0,1,1,False
20000,807,1,1,0,0,0,0,0,False
75000,808,0,0,0,0,1,0,0,False
100000,809,0,0,0,1,0,0,0,False
75000,810,0,0,0,0,0,0,0,False
75000,811,0,0,0,0,1,0,0,False
50000,812,0,0,0,0,1,0,0,False
75000,813,0,0,0,1,0,0,0,False
100000,814,0,0,0,1,0,0,0,False
20000,815,1,0,0,0,0,0,0,False
50000,816,0,0,0,0,1,0,0,False
50000,817,0,0,0,1,1,0,1,False
200000,818,0,1,0,0,0,1,1,False
150000,819,0,0,1,1,0,0,0,False
75000,820,0,0,0,0,1,0,0,False
5000,821,0,1,0,0,0,0,0,False
20000,822,0,1,0,0,0,0,0,False
75000,823,0,0,0,1,0,0,0,False
10000,824,0,1,0,0,0,0,0,False
15000,825,0,1,0,0,0,0,0,False
15000,826,1,0,0,0,0,0,0,False
15000,827,0,0,1,0,0,0,0,False
20000,828,0,0,1,0,0,0,0,False
10000,829,1,0,1,0,0,1,0,False
150000,830,0,1,0,0,0,0,1,False
20000,831,1,0,0,0,0,0,0,False
30000,832,1,0,0,0,0,0,0,False
30000,833,1,0,0,0,0,0,0,False
150000,834,0,0,0,1,0,0,0,False
10000,835,0,0,1,0,0,0,0,False
50000,836,0,0,0,0,1,0,0,False
10000,837,1,0,1,0,0,0,0,False
75000,838,0,0,0,1,0,0,0,False
5000,839,0,0,1,0,0,0,0,False
30000,840,0,0,1,0,0,0,0,False
100000,841,0,0,0,0,0,1,1,False
20000,842,1,1,0,0,0,0,0,False
75000,843,0,0,0,1,0,0,0,False
10000,844,1,0,0,0,0,0,0,False
10000,845,0,1,0,0,0,0,0,False
100000,846,0,0,0,0,0,0,1,False
10000,847,0,0,1,0,0,0,0,False
30000,848,0,1,0,0,0,0,0,False
150000,849,0,0,0,0,0,0,1,False
5000,850,0,1,0,0,0,0,0,False
150000,851,0,0,0,1,0,0,0,False
30000,852,0,1,0,0,0,0,0,False
15000,853,0,0,1,0,0,0,0,False
15000,854,0,1,0,0,0,0,0,False
15000,855,1,1,0,0,0,0,0,False
100000,856,0,0,0,0,0,0,1,False
100000,857,0,0,0,0,0,0,1,False
150000,858,0,0,0,1,0,0,0,False
200000,859,0,0,0,0,0,0,1,False
50000,860,0,0,0,0,1,0,0,False
100000,861,0,1,0,1,0,1,0,False
30000,862,0,0,0,0,0,0,0,False
30000,863,1,0,0,0,0,0,0,False
30000,864,1,1,1,0,0,0,0,False
10000,865,1,0,1,1,0,0,0,False
20000,866,0,0,1,0,0,0,0,False
50000,867,0,0,0,1,1,0,1,False
10000,868,0,0,1,0,0,0,0,False
15000,869,0,0,1,0,0,0,0,False
200000,870,0,0,0,0,0,0,0,False
15000,871,1,0,0,0,0,0,0,False
10000,872,1,0,0,0,0,0,0,False
100000,873,0,0,0,0,0,0,1,False
100000,874,0,0,0,0,0,0,1,False
20000,875,0,0,0,0,0,0,0,False
100000,876,0,0,0,0,0,1,1,False
50000,877,0,0,0,0,1,0,0,False
75000,878,0,0,0,1,0,0,0,False
100000,879,1,0,0,0,0,1,1,False
10000,880,1,0,0,0,0,0,0,False
20000,881,0,1,0,0,0,0,1,False
200000,882,0,0,0,1,0,1,1,False
15000,883,1,1,0,0,0,0,0,False
200000,884,0,0,0,1,0,1,0,False
150000,885,0,0,0,1,0,1,0,False
20000,886,0,0,1,0,0,0,0,False
30000,887,0,1,0,0,0,0,0,False
5000,888,0,1,0,0,0,0,0,False
200000,889,0,0,0,0,0,1,1,False
10000,890,0,1,0,0,0,0,0,False
150000,891,0,0,0,0,0,1,1,False
100000,892,0,0,0,1,0,1,0,False
150000,893,0,0,0,0,0,0,1,False
50000,894,0,0,0,1,0,0,0,False
20000,895,0,0,0,0,0,1,0,False
150000,896,0,0,0,0,0,0,1,False
15000,897,1,0,0,0,0,0,0,False
100000,898,0,0,0,0,0,0,1,False
75000,899,0,0,0,0,0,0,0,False
150000,900,0,0,0,0,0,0,1,False
50000,901,0,0,0,0,1,0,0,False
200000,902,0,0,0,1,0,0,0,False
30000,903,0,1,0,0,0,0,0,False
50000,904,0,0,0,0,1,0,1,False
5000,905,1,0,1,0,1,0,0,False
15000,906,1,1,0,0,0,0,0,False
150000,907,0,0,0,1,0,0,0,False
10000,908,1,0,0,0,0,0,0,False
30000,909,1,0,0,0,0,0,0,False
15000,910,0,1,0,0,0,0,0,False
20000,911,1,1,0,0,0,0,0,False
75000,912,0,0,0,1,0,1,0,False
50000,913,0,0,0,1,0,0,0,False
100000,914,0,0,0,1,0,0,0,False
200000,915,0,0,0,1,0,1,0,False
15000,916,0,1,0,0,0,0,0,False
10000,917,1,0,0,0,0,0,0,False
50000,918,0,0,0,1,0,0,0,False
15000,919,1,0,0,0,0,0,0,False
15000,920,0,1,1,0,0,0,0,False
75000,921,0,0,0,0,1,0,0,False
200000,922,0,0,0,1,0,0,0,False
200000,923,0,0,1,1,0,1,0,False
5000,924,1,0,0,0,0,0,0,False
100000,925,0,0,0,0,0,0,1,False
50000,926,0,0,0,1,0,0,0,False
5000,927,1,0,0,0,0,0,0,False
30000,928,0,1,0,0,0,0,0,False
5000,929,1,0,0,0,0,0,0,False
20000,930,0,0,1,0,0,0,0,False
75000,931,0,0,0,0,1,0,0,False
100000,932,0,0,0,0,0,0,0,False
30000,933,0,0,1,0,0,0,0,False
30000,934,1,0,0,0,0,0,0,False
200000,935,0,0,0,0,0,0,1,False
50000,936,0,0,0,1,0,0,0,False
20000,937,0,1,0,0,0,0,0,False
20000,938,1,0,0,0,0,0,0,False
75000,939,0,0,0,1,0,0,0,False
5000,940,0,1,0,0,0,0,0,False
30000,941,0,0,0,0,0,0,0,False
100000,942,0,0,0,0,0,0,1,False
10000,943,0,1,0,0,0,0,0,False
20000,944,1,0,1,0,0,0,0,False
30000,945,1,0,1,0,0,0,0,False
10000,946,0,0,1,0,0,0,0,False
5000,947,1,0,0,0,0,0,0,False
150000,948,0,0,0,1,0,0,0,False
30000,949,0,0,0,0,0,0,0,False
15000,950,0,0,0,0,0,0,0,False
5000,951,0,1,0,0,0,0,0,False
200000,952,0,0,0,1,0,0,0,False
30000,953,1,0,0,0,0,0,0,False
20000,954,1,0,0,0,0,0,0,False
150000,955,0,0,0,1,0,0,0,False
50000,956,1,0,0,0,1,0,0,False
100000,957,0,0,0,1,0,0,0,False
150000,958,0,0,0,0,0,0,1,False
10000,959,1,1,0,0,0,1,0,False
200000,960,0,0,0,1,0,1,0,False
200000,961,0,0,1,0,0,0,1,False
30000,962,1,0,0,0,0,0,0,False
75000,963,0,0,0,1,0,1,0,False
75000,964,0,0,0,1,0,0,0,False
10000,965,0,1,0,1,0,0,1,False
30000,966,1,0,1,0,0,0,0,False
75000,967,0,0,1,0,1,0,0,False
50000,968,0,0,0,0,1,0,0,False
20000,969,1,0,0,0,0,0,0,False
15000,970,0,0,0,0,0,0,0,False
5000,971,0,0,1,0,0,0,0,False
5000,972,1,0,1,0,0,0,0,False
75000,973,0,0,0,1,0,0,0,False
150000,974,1,0,1,0,0,0,1,False
15000,975,0,1,0,0,0,0,0,False
20000,976,0,0,1,0,0,0,0,False
100000,977,0,0,0,0,0,1,1,False
200000,978,0,0,0,1,0,0,0,False
50000,979,0,1,0,0,1,0,0,False
75000,980,0,0,0,0,1,0,0,False
10000,981,1,0,1,0,0,0,0,False
5000,982,0,0,0,0,0,0,0,False
150000,983,0,0,0,1,1,0,0,False
200000,984,0,0,0,1,0,0,0,False
200000,985,0,0,0,1,0,0,0,False
30000,986,0,0,1,0,0,0,0,False
100000,987,0,0,0,1,0,1,0,False
10000,988,1,0,0,0,0,0,0,False
75000,989,0,0,0,1,1,0,0,False
30000,990,1,0,0,0,0,0,0,False
15000,991,1,0,0,0,0,0,0,False
200000,992,0,0,0,1,0,0,0,False
100000,993,0,0,0,0,0,0,1,False
10000,994,1,0,0,1,0,0,0,False
15000,995,0,0,1,0,0,0,0,False
75000,996,0,0,1,1,0,1,0,False
20000,997,1,0,1,0,1,0,0,False
15000,998,0,1,0,0,0,0,0,False
75000,999,0,0,0,1,0,0,0,False
15000,1000,1,0,0,0,0,0,0,False
100000,1001,0,0,0,1,0,0,0,False
50000,1002,0,0,0,1,0,1,0,False
30000,1003,0,0,1,0,0,0,0,False
30000,1004,1,0,0,0,0,0,0,False
150000,1005,0,0,0,1,0,0,0,False
5000,1006,0,1,0,0,0,1,0,False
100000,1007,0,0,0,1,0,0,0,False
75000,1008,0,0,0,1,0,1,0,False
30000,1009,0,1,0,0,0,0,0,False
100000,1010,0,0,0,1,0,0,0,False
20000,1011,0,1,0,0,0,0,0,False
10000,1012,0,0,1,0,0,0,0,False
20000,1013,1,0,0,1,0,0,0,False
200000,1014,0,0,0,1,0,1,0,False
10000,1015,0,1,0,0,0,0,0,False
100000,1016,0,0,0,1,1,1,0,False
50000,1017,0,0,0,0,1,1,1,False
100000,1018,1,0,0,1,0,0,0,False
50000,1019,0,0,0,1,0,1,0,False
75000,1020,0,0,0,0,1,0,0,False
150000,1021,0,0,0,0,0,0,1,False
150000,1022,0,0,0,0,0,0,1,False
75000,1023,0,0,0,0,1,0,0,False
75000,1024,0,0,0,0,1,0,0,False
5000,1025,0,1,0,0,0,0,0,False
15000,1026,1,0,0,0,0,0,0,False
20000,1027,0,1,0,0,0,0,0,False
20000,1028,1,0,1,0,0,0,0,False
5000,1029,0,1,0,1,0,0,0,False
10000,1030,0,0,1,0,0,0,0,False
30000,1031,1,0,1,0,0,1,0,False
50000,1032,0,0,1,0,1,0,1,False
5000,1033,1,0,1,0,0,0,0,False
200000,1034,0,0,0,1,0,1,0,False
75000,1035,0,0,0,0,1,0,0,False
30000,1036,0,1,0,0,0,0,0,False
10000,1037,1,0,0,0,0,0,0,False
50000,1038,0,0,0,1,0,1,1,False
10000,1039,1,0,1,0,1,0,0,False
5000,1040,0,1,0,0,0,0,0,False
100000,1041,0,0,0,1,0,0,0,False
10000,1042,0,1,0,0,0,0,0,False
15000,1043,1,0,0,0,0,0,0,False
10000,1044,0,0,1,0,0,0,0,False
5000,1045,1,0,1,0,0,0,0,False
75000,1046,0,0,0,0,0,0,0,False
150000,1047,0,0,0,0,0,0,1,False
100000,1048,0,0,0,1,0,1,0,False
10000,1049,0,1,0,0,0,0,0,False
150000,1050,0,0,0,0,0,0,1,False
150000,1051,0,0,0,1,0,0,0,False
100000,1052,0,0,0,1,0,0,0,False
100000,1053,0,0,0,1,0,1,0,False
75000,1054,0,0,0,0,1,0,0,False
50000,1055,0,0,0,1,0,0,0,False
150000,1056,0,0,0,0,0,1,1,False
150000,1057,0,0,0,0,0,0,1,False
5000,1058,1,0,0,0,0,0,0,False
30000,1059,1,0,0,0,0,0,0,False
200000,1060,0,0,0,1,0,0,0,False
10000,1061,0,0,1,0,0,0,0,False
15000,1062,0,0,0,0,0,0,0,False
20000,1063,1,0,0,0,0,0,0,False
15000,1064,0,1,0,0,0,0,0,False
200000,1065,0,0,0,1,0,1,0,False
100000,1066,0,0,0,0,0,0,1,False
100000,1067,0,0,0,0,0,1,1,False
200000,1068,0,0,0,0,0,0,1,False
5000,1069,0,0,1,0,0,0,0,False
150000,1070,0,0,0,1,0,0,0,False
20000,1071,1,0,0,0,0,0,0,False
150000,1072,0,0,0,0,0,0,1,False
200000,1073,0,0,0,0,0,1,0,False
20000,1074,1,0,0,0,0,0,0,False
100000,1075,0,0,0,0,0,0,1,False
100000,1076,0,0,0,0,0,0,1,False
150000,1077,0,0,0,1,0,0,0,False
200000,1078,0,0,0,0,0,0,1,False
15000,1079,1,0,0,0,0,0,0,False
150000,1080,0,0,0,0,0,0,1,False
