BRANCH_ID,BRANCH_NAME,CREATION_DATE,CREDIT_LIMIT,ACTIVATED,STATUS,STATUS_NAME,DELINQUENCY,LAST_STATEMENT_DATE,PRODUCT_NAME,JOINING_FEE,ANNUAL_FEE,LEDGER_BALANCE,AVAILABLE_LIMIT,LAST_PAYMENT_AMOUNT,LAST_PAYMENT_DATE,TOTAL_HOLD,GENDER,DOB,ORGANIZATION,CUSTOMER_TYPE,RIMNO,CLOSURE_DATE,OVERDUEAMOUNT,NO_OF_CYCLES,FIRST_REPLACED_CARD,SECOND_REPLACED_CARD,THIRD_REPLACED_CARD,Card account status ,CUSTOMER_ID
6,Assiut,2019-09-29,20000,I,CLSB,Closed by Bank,0,2026-04-29,Classic Credit Card,500,0,8372.53,11470.11,3266.66,2026-04-28,1066.12,F,1972-06-18,IBM Egypt,Primary,100002,2026-03-23,0.0,80,,,,CLSB,3
6,Assiut,2019-09-29,20000,A,WROF,Write Off,180,2026-04-27,Travel Rewards Card,500,0,-1492.31,18398.37,698.09,2026-04-19,1730.99,F,1972-06-18,IBM Egypt,Primary,100002,2026-04-21,10355.91,80,,,,WROF,3
9,Ismailia,2022-03-31,10000,I,CLSC,Closed by Customer,0,2026-04-20,Cashback Card,100,0,-60.98,9494.92,308.77,2026-04-12,450.49,M,1965-08-07,Elsewedy Capital,Primary,100003,2026-03-03,0.0,49,,,,CLSC,4
3,Alexandria,2022-09-26,200000,I,CLSC,Closed by Customer,0,2026-04-28,Travel Rewards Card,500,1000,53674.47,146205.04,12408.56,2026-04-30,1909.44,F,1995-07-13,Ministry of Health,Secondary,100008,2026-03-17,0.0,43,,,,CLSC,9
4,Mansoura,2024-01-06,100000,A,SUSP,Profit Suspended,120,2026-04-20,Platinum Credit Card,200,500,13640.64,86231.52,29561.76,2026-04-03,1021.74,M,1968-07-13,National Bank of Egypt,Primary,100016,,38170.94,28,,,,SUSP,17
1,Cairo Main,2024-01-24,5000,I,CNCD,Cancelled,0,2026-04-19,Business Credit Card,500,500,52.09,4686.76,1396.98,2026-04-30,1488.26,M,1989-04-02,Microsoft Egypt,Secondary,100017,,0.0,27,,,,CNCD,18
1,Cairo Main,2020-12-22,100000,I,CLSB,Closed by Bank,0,2026-04-21,Business Credit Card,100,150,1769.57,97987.13,10471.79,2026-04-16,239.97,F,1977-07-06,El Sewedy Electric,Secondary,100018,2026-03-15,0.0,65,,,,CLSB,19
5,Tanta,2023-06-25,30000,I,CLSC,Closed by Customer,0,2026-04-22,Cashback Card,500,300,26471.61,3059.56,3034.04,2026-04-28,726.66,M,1982-09-02,Vodafone Egypt,Primary,100024,2026-04-08,0.0,34,,,,CLSC,25
1,Cairo Main,2023-04-12,20000,I,CLSC,Closed by Customer,0,2026-04-29,Business Credit Card,200,300,2245.23,17425.56,1129.25,2026-04-07,900.21,M,1998-07-07,Elsewedy Capital,Primary,100028,2026-04-20,0.0,37,,,,CLSC,29
6,Assiut,2018-10-12,30000,A,FRAD,Fraud,0,2026-04-29,Travel Rewards Card,200,0,14198.67,15347.59,3117.85,2026-04-01,983.57,M,1972-06-30,Talaat Moustafa Group,Primary,100029,,0.0,91,,,,FRAD,30
9,Ismailia,2024-01-15,20000,I,CLSB,Closed by Bank,0,2026-04-26,Gold Credit Card,200,1000,13600.79,6089.99,5422.83,2026-04-30,1602.71,F,1996-03-05,CIB,Primary,100031,2026-04-04,0.0,27,,,,CLSB,32
1,Cairo Main,2023-05-01,200000,I,CLSC,Closed by Customer,0,2026-04-28,Titanium Credit Card,500,1000,164932.31,34778.21,10237.91,2026-04-17,16.57,M,1970-12-25,Microsoft Egypt,Primary,100035,2026-03-29,0.0,36,,,,CLSC,36
6,Assiut,2018-07-30,30000,I,CLSD,Closed,0,2026-04-21,Business Credit Card,500,500,3110.82,26563.23,7005.96,2026-04-14,1184.91,M,1968-04-08,Cairo University,Primary,100055,2026-04-06,0.0,94,,,,CLSD,56
3,Alexandria,2024-04-24,30000,I,CLSC,Closed by Customer,0,2026-04-23,Titanium Credit Card,0,1000,-2692.13,27043.11,425.16,2026-04-09,1794.13,F,1996-05-20,Military,Primary,100056,2026-03-30,0.0,24,,,,CLSC,57
1,Cairo Main,2021-03-26,30000,A,SUSP,Profit Suspended,120,2026-04-17,Business Credit Card,100,300,10615.25,19151.11,3397.8,2026-04-01,435.06,M,1970-05-20,Amazon Egypt,Primary,100059,,5090.3,62,,,,SUSP,60
1,Cairo Main,2021-03-26,30000,A,WROF,Write Off,180,2026-04-29,Classic Credit Card,100,300,23286.71,6674.19,6205.93,2026-04-14,379.97,M,1970-05-20,Amazon Egypt,Primary,100059,2026-03-04,10369.55,62,,,,WROF,60
9,Ismailia,2023-02-06,10000,I,CNCD,Cancelled,0,2026-04-16,Cashback Card,0,500,4827.32,5124.8,2633.37,2026-04-01,1297.95,M,1961-08-24,Ministry of Health,Primary,100064,,0.0,39,,,,CNCD,65
9,Ismailia,2024-12-25,100000,I,CLSC,Closed by Customer,0,2026-04-28,Classic Credit Card,100,300,6943.34,92812.97,20867.71,2026-04-13,1116.53,M,1976-03-24,Juhayna,Primary,100065,2026-04-08,0.0,16,,,,CLSC,66
7,Luxor,2019-09-25,10000,A,SUSP,Profit Suspended,120,2026-04-20,World Elite Card,200,1000,7265.05,2411.83,821.68,2026-04-12,499.86,F,1999-01-25,National Bank of Egypt,Secondary,100072,,3342.91,80,,,,SUSP,73
10,Suez,2020-01-08,15000,A,SUSP,Profit Suspended,120,2026-04-19,Travel Rewards Card,100,500,9084.45,5521.51,1040.4,2026-04-29,996.6,M,1990-08-01,Elsewedy Capital,Primary,100075,,6895.8,76,,,,SUSP,76
5,Tanta,2018-02-08,100000,I,CNCD,Cancelled,0,2026-04-18,Titanium Credit Card,200,1000,80717.15,19264.28,16855.24,2026-04-06,256.32,F,1989-11-29,Amazon Egypt,Primary,100076,,0.0,100,,,,CNCD,77
10,Suez,2023-07-28,30000,I,CNCD,Cancelled,0,2026-04-27,Titanium Credit Card,200,150,10410.45,19554.44,8340.01,2026-04-05,1595.52,M,1993-06-04,Military,Primary,100078,,0.0,33,,,,CNCD,79
8,Zagazig,2020-05-18,200000,I,CLSB,Closed by Bank,0,2026-04-17,Platinum Credit Card,100,150,-16812.26,182981.14,51192.98,2026-04-11,1835.88,M,1964-02-10,National Bank of Egypt,Secondary,100086,2026-05-01,0.0,72,,,,CLSB,87
10,Suez,2020-08-12,50000,I,CLSB,Closed by Bank,0,2026-04-25,Classic Credit Card,100,150,39518.04,10108.81,3104.67,2026-04-05,1356.83,F,1969-09-08,Orascom,Primary,100087,2026-04-16,0.0,69,,,,CLSB,88
1,Cairo Main,2020-09-01,200000,I,CLSC,Closed by Customer,0,2026-04-20,Platinum Credit Card,200,0,-6148.56,193381.2,22408.81,2026-04-19,638.69,M,1976-01-26,Amazon Egypt,Primary,100088,2026-04-12,0.0,68,,,,CLSC,89
5,Tanta,2024-07-25,150000,I,CLSD,Closed,0,2026-04-29,World Elite Card,200,500,115417.56,34378.43,43820.29,2026-04-09,1319.98,F,1988-01-02,CIB,Primary,100091,2026-04-19,0.0,21,,,,CLSD,92
4,Mansoura,2023-01-24,20000,I,CNCD,Cancelled,0,2026-04-22,Business Credit Card,500,500,7250.61,12546.45,4827.04,2026-04-25,583.74,M,1979-04-17,Edita Food Industries,Primary,100092,,0.0,39,,,,CNCD,93
7,Luxor,2024-04-16,200000,A,SUSP,Profit Suspended,120,2026-04-26,Classic Credit Card,200,0,35200.02,164407.33,11432.27,2026-04-06,835.84,M,1997-11-29,Talaat Moustafa Group,Primary,100096,,46448.41,24,,,,SUSP,97
8,Zagazig,2021-06-17,5000,I,CLSD,Closed,0,2026-04-19,Classic Credit Card,0,150,2263.82,2606.13,157.95,2026-04-05,241.88,F,1983-08-21,El Sewedy Electric,Primary,100100,2026-03-26,0.0,59,,,,CLSD,101
6,Assiut,2018-02-01,100000,I,CLSC,Closed by Customer,0,2026-04-25,Platinum Credit Card,500,1000,80990.78,18702.99,25978.32,2026-04-25,1758.35,M,1965-05-19,Government,Primary,100101,2026-03-24,0.0,100,,,,CLSC,102
7,Luxor,2018-06-23,75000,I,CLSB,Closed by Bank,0,2026-05-01,Gold Credit Card,200,1000,17978.93,56605.37,13649.82,2026-04-11,1839.39,F,1998-08-28,Cairo University,Primary,100102,2026-04-01,0.0,95,,,,CLSB,103
1,Cairo Main,2019-02-28,50000,I,CLSD,Closed,0,2026-04-23,World Elite Card,100,0,22736.9,27074.57,8820.08,2026-04-18,1911.92,M,1980-03-17,Freelancer,Secondary,100109,2026-04-16,0.0,87,,,,CLSD,110
6,Assiut,2023-06-15,20000,A,WROF,Write Off,180,2026-04-24,Platinum Credit Card,100,0,1425.3,18337.07,2738.24,2026-04-28,1221.9,F,1994-05-14,CIB,Primary,100113,2026-03-03,10905.55,35,,,,WROF,114
5,Tanta,2023-05-23,50000,A,WROF,Write Off,180,2026-04-19,Gold Credit Card,0,300,37759.8,12194.2,11665.6,2026-04-28,362.59,M,1962-05-04,Orascom,Primary,100117,2026-04-05,29481.49,35,,,,WROF,118
6,Assiut,2018-10-04,50000,A,SUSP,Profit Suspended,120,2026-05-01,Gold Credit Card,200,150,25934.11,23654.48,12877.38,2026-04-20,577.67,M,1995-05-16,IBM Egypt,Primary,100124,,10982.84,92,,,,SUSP,125
5,Tanta,2022-06-20,150000,I,CLSC,Closed by Customer,0,2026-04-22,Classic Credit Card,100,300,14632.64,134974.54,14226.16,2026-04-05,29.16,F,1983-02-13,Orange Egypt,Secondary,100126,2026-04-14,0.0,47,,,,CLSC,127
2,Giza,2022-02-16,75000,I,CLSC,Closed by Customer,0,2026-04-23,Business Credit Card,200,150,2172.94,72670.43,10263.87,2026-04-14,1390.38,F,1995-11-09,Self Employed,Primary,100127,2026-04-22,0.0,51,,,,CLSC,128
2,Giza,2022-10-05,10000,A,WROF,Write Off,180,2026-04-24,Platinum Credit Card,200,300,6646.41,2932.63,592.04,2026-04-23,478.05,M,1992-08-12,National Bank of Egypt,Primary,100128,2026-04-10,4585.19,43,,,,WROF,129
6,Assiut,2024-05-12,5000,I,CLSB,Closed by Bank,0,2026-04-22,Business Credit Card,200,300,4298.15,316.19,79.57,2026-04-17,130.66,F,1977-03-04,National Bank of Egypt,Primary,100131,2026-04-18,0.0,23,,,,CLSB,132
7,Luxor,2021-02-15,20000,I,CLSC,Closed by Customer,0,2026-04-30,Gold Credit Card,500,1000,3910.3,15715.82,764.85,2026-04-09,440.76,F,1974-02-06,Ministry of Health,Primary,100132,2026-03-14,0.0,63,,,,CLSC,133
7,Luxor,2022-08-05,200000,I,CNCD,Cancelled,0,2026-04-16,Cashback Card,0,500,120353.78,79434.8,44876.71,2026-04-30,1387.13,F,1994-07-02,Government,Primary,100136,,0.0,45,,,,CNCD,137
7,Luxor,2018-05-05,100000,A,SUSP,Profit Suspended,120,2026-04-24,Cashback Card,200,500,26621.71,73082.36,13188.87,2026-04-20,1581.35,M,1987-09-23,Microsoft Egypt,Primary,100140,,13502.23,97,,,,SUSP,141
9,Ismailia,2019-03-11,50000,I,CLSB,Closed by Bank,0,2026-05-01,Gold Credit Card,200,500,1704.9,48286.89,4806.26,2026-04-09,122.36,M,1985-03-12,Banque Misr,Primary,100142,2026-04-21,0.0,86,,,,CLSB,143
10,Suez,2020-10-13,15000,A,SUSP,Profit Suspended,120,2026-04-16,Cashback Card,100,500,10018.67,4875.98,4203.4,2026-04-29,1120.4,F,1978-10-03,Self Employed,Secondary,100143,,5387.42,67,,,,SUSP,144
1,Cairo Main,2018-11-20,50000,I,CNCD,Cancelled,0,2026-04-23,Titanium Credit Card,100,150,5928.25,44061.32,5983.51,2026-04-22,960.02,F,1972-11-25,Ministry of Health,Primary,100155,,0.0,90,,,,CNCD,156
3,Alexandria,2024-03-04,15000,A,SUSP,Profit Suspended,120,2026-05-01,Business Credit Card,500,150,-1294.77,13466.4,2583.71,2026-04-28,241.59,F,1960-03-25,Edita Food Industries,Primary,100157,,5901.33,26,,,,SUSP,158
5,Tanta,2020-08-22,100000,I,CLSB,Closed by Bank,0,2026-04-30,Cashback Card,0,300,13226.67,86728.04,4750.14,2026-04-12,118.83,F,1977-03-16,Elsewedy Capital,Primary,100162,2026-03-31,0.0,69,,,,CLSB,163
10,Suez,2018-09-10,150000,A,WROF,Write Off,180,2026-04-30,World Elite Card,100,150,115993.73,33646.27,29488.6,2026-04-16,1469.7,F,1965-01-12,Government,Primary,100165,2026-03-13,65514.14,93,,,,WROF,166
8,Zagazig,2023-09-22,100000,I,CLSC,Closed by Customer,0,2026-04-16,Gold Credit Card,500,500,23621.0,76084.46,21837.44,2026-04-22,1863.33,M,1964-01-29,Ministry of Health,Primary,100166,2026-04-26,0.0,31,,,,CLSC,167
7,Luxor,2018-01-13,20000,I,CLSB,Closed by Bank,0,2026-04-25,Classic Credit Card,500,300,-1564.68,18143.77,3707.94,2026-04-11,1484.57,M,1971-06-01,Ministry of Health,Secondary,100167,2026-03-02,0.0,101,,,,CLSB,168
5,Tanta,2019-08-10,150000,A,WROF,Write Off,180,2026-04-24,World Elite Card,200,0,64845.76,85109.37,7887.53,2026-04-18,1370.31,M,1999-04-22,Amazon Egypt,Primary,100173,2026-03-07,72234.93,81,,,,WROF,174
4,Mansoura,2019-08-15,100000,I,CNCD,Cancelled,0,2026-04-18,Travel Rewards Card,100,500,75437.5,24067.98,390.35,2026-04-02,1761.09,M,1973-06-28,Talaat Moustafa Group,Primary,100175,,0.0,81,,,,CNCD,176
4,Mansoura,2019-08-15,100000,I,CNCD,Cancelled,0,2026-04-29,World Elite Card,100,500,61548.93,38061.65,27677.77,2026-04-26,199.85,M,1973-06-28,Talaat Moustafa Group,Primary,100175,,0.0,81,,,,CNCD,176
8,Zagazig,2021-09-25,30000,I,CLSB,Closed by Bank,0,2026-04-20,Classic Credit Card,0,500,24470.42,5029.96,8102.71,2026-04-23,257.39,M,1969-05-15,Military,Primary,100177,2026-04-10,0.0,55,,,,CLSB,178
8,Zagazig,2023-07-03,100000,I,CLSB,Closed by Bank,0,2026-04-24,Cashback Card,100,150,57208.32,42546.02,14471.56,2026-04-06,1361.03,F,1992-06-15,Orascom,Secondary,100181,2026-03-26,0.0,34,,,,CLSB,182
5,Tanta,2023-08-20,75000,A,FRAD,Fraud,0,2026-04-24,Platinum Credit Card,0,1000,185.68,74509.36,8549.53,2026-04-09,281.67,M,1960-10-07,Elsewedy Capital,Primary,100184,,0.0,32,,,,FRAD,185
9,Ismailia,2022-04-22,15000,I,CLSC,Closed by Customer,0,2026-04-23,Gold Credit Card,200,0,13713.79,1161.8,2192.59,2026-04-21,188.19,M,1974-11-18,Amazon Egypt,Primary,100189,2026-04-04,0.0,49,,,,CLSC,190
3,Alexandria,2019-11-16,75000,I,CNCD,Cancelled,0,2026-04-22,World Elite Card,500,0,25994.39,48648.1,19120.07,2026-04-26,801.87,F,1962-11-02,Talaat Moustafa Group,Secondary,100195,,0.0,78,,,,CNCD,196
3,Alexandria,2021-08-06,200000,I,CLSC,Closed by Customer,0,2026-04-16,Platinum Credit Card,100,500,34561.43,165272.31,31592.75,2026-04-29,831.97,F,1973-06-23,Juhayna,Primary,100197,2026-04-12,0.0,57,,,,CLSC,198
3,Alexandria,2022-09-30,75000,A,SUSP,Profit Suspended,120,2026-04-20,Business Credit Card,500,1000,35110.22,39830.43,14925.59,2026-04-02,1613.85,F,1992-01-31,Ministry of Health,Primary,100200,,39332.99,43,,,,SUSP,201
6,Assiut,2019-03-24,15000,I,CLSC,Closed by Customer,0,2026-04-27,World Elite Card,100,300,-1370.94,13579.53,2064.09,2026-04-28,1773.29,F,1989-01-24,Freelancer,Primary,100205,2026-03-31,0.0,86,,,,CLSC,206
1,Cairo Main,2022-01-10,5000,I,CLSC,Closed by Customer,0,2026-05-01,Titanium Credit Card,500,1000,1181.3,3729.49,621.08,2026-04-30,730.11,F,1998-10-28,Amazon Egypt,Primary,100211,2026-03-28,0.0,52,,,,CLSC,212
6,Assiut,2021-02-25,200000,I,CLSB,Closed by Bank,0,2026-04-26,Cashback Card,200,300,122582.61,77353.95,44031.26,2026-04-11,1663.64,F,1983-11-16,Government,Secondary,100216,2026-03-18,0.0,63,,,,CLSB,217
6,Assiut,2018-12-04,50000,I,CNCD,Cancelled,0,2026-04-27,Platinum Credit Card,0,500,24142.1,25675.06,278.26,2026-04-10,1174.04,F,1971-03-26,Elsewedy Capital,Primary,100222,,0.0,90,,,,CNCD,223
2,Giza,2024-04-26,5000,I,CLSC,Closed by Customer,0,2026-04-23,Platinum Credit Card,500,300,2729.48,1905.22,143.82,2026-04-20,1844.28,M,1983-10-18,Banque Misr,Secondary,100225,2026-04-26,0.0,24,,,,CLSC,226
4,Mansoura,2019-02-16,15000,A,WROF,Write Off,180,2026-04-23,Travel Rewards Card,500,300,7358.18,7333.83,2818.5,2026-04-14,674.37,M,1963-11-21,Elsewedy Capital,Primary,100226,2026-03-29,1528.41,87,,,,WROF,227
8,Zagazig,2019-04-07,20000,I,CLSB,Closed by Bank,0,2026-04-30,Gold Credit Card,0,300,18581.07,1172.31,1112.4,2026-04-30,1114.9,F,1977-04-23,Banque Misr,Primary,100228,2026-03-20,0.0,86,,,,CLSB,229
6,Assiut,2019-12-09,100000,I,CNCD,Cancelled,0,2026-04-27,Classic Credit Card,0,0,59047.58,40455.25,13390.9,2026-04-09,1315.19,F,1984-07-04,El Sewedy Electric,Primary,100229,,0.0,77,,,,CNCD,230
9,Ismailia,2020-11-27,15000,I,CNCD,Cancelled,0,2026-04-17,World Elite Card,0,0,3933.02,10780.9,179.04,2026-04-02,1808.29,F,1995-02-14,Amazon Egypt,Primary,100233,,0.0,66,,,,CNCD,234
2,Giza,2023-09-16,5000,I,CLSC,Closed by Customer,0,2026-04-19,Classic Credit Card,100,0,3897.6,836.07,726.6,2026-04-16,485.63,F,1970-03-31,IBM Egypt,Primary,100235,2026-03-05,0.0,31,,,,CLSC,236
1,Cairo Main,2022-09-14,20000,A,LOST,Lost,0,2026-05-01,Travel Rewards Card,200,300,17822.43,1911.86,1999.8,2026-04-26,1889.44,M,1984-10-19,Cairo University,Primary,100236,,0.0,44,,,,LOST,237
4,Mansoura,2021-11-19,5000,I,CLSB,Closed by Bank,0,2026-04-20,Classic Credit Card,500,300,1485.27,3035.96,539.88,2026-04-19,277.56,M,1984-04-16,El Sewedy Electric,Primary,100239,2026-03-30,0.0,54,,,,CLSB,240
8,Zagazig,2019-06-12,10000,A,WROF,Write Off,180,2026-04-21,Cashback Card,500,0,2979.7,6605.39,2916.28,2026-04-03,1207.23,M,1996-04-20,Cairo University,Primary,100247,2026-04-03,3500.27,83,,,,WROF,248
4,Mansoura,2024-02-05,5000,A,SUSP,Profit Suspended,120,2026-04-30,Cashback Card,500,300,1674.86,3166.11,1357.78,2026-04-16,1280.39,F,1988-04-17,Microsoft Egypt,Primary,100250,,2314.09,27,,,,SUSP,251
1,Cairo Main,2021-12-11,200000,I,CLSC,Closed by Customer,0,2026-04-30,Titanium Credit Card,500,1000,-244.9,199669.82,30951.02,2026-04-23,992.0,F,1991-07-22,Orascom,Primary,100253,2026-04-16,0.0,53,,,,CLSC,254
8,Zagazig,2020-08-23,100000,I,CLSC,Closed by Customer,0,2026-04-24,Travel Rewards Card,0,1000,-5226.86,94570.34,2305.77,2026-04-27,1225.62,M,1985-09-09,CIB,Secondary,100268,2026-05-01,0.0,69,,,,CLSC,269
8,Zagazig,2023-01-02,15000,I,CLSD,Closed,0,2026-04-27,World Elite Card,200,300,12163.39,2588.19,3551.06,2026-04-08,327.61,M,1986-08-24,Talaat Moustafa Group,Primary,100277,2026-04-21,0.0,40,,,,CLSD,278
1,Cairo Main,2018-07-23,15000,I,CLSB,Closed by Bank,0,2026-04-28,Titanium Credit Card,100,150,11519.2,3054.51,2111.99,2026-04-03,1477.98,M,1977-05-04,Talaat Moustafa Group,Primary,100278,2026-04-16,0.0,94,,,,CLSB,279
1,Cairo Main,2019-06-26,15000,I,CNCD,Cancelled,0,2026-04-19,Classic Credit Card,100,300,815.01,14160.28,3763.52,2026-04-13,217.62,F,1981-04-07,Talaat Moustafa Group,Primary,100279,,0.0,83,,,,CNCD,280
8,Zagazig,2020-06-12,100000,A,WROF,Write Off,180,2026-04-28,Travel Rewards Card,0,0,12711.28,87011.83,27485.4,2026-04-06,539.14,F,1971-04-21,Ministry of Health,Primary,100280,2026-03-17,40919.89,71,,,,WROF,281
6,Assiut,2020-12-03,200000,I,CLSC,Closed by Customer,0,2026-04-19,Gold Credit Card,500,0,126229.93,73632.67,44115.16,2026-04-05,571.75,M,1976-09-02,Self Employed,Secondary,100285,2026-03-05,0.0,65,,,,CLSC,286
10,Suez,2019-11-16,10000,I,CLSB,Closed by Bank,0,2026-04-25,Platinum Credit Card,500,1000,1052.57,8584.29,546.91,2026-04-21,1892.69,F,1973-09-24,Amazon Egypt,Secondary,100290,2026-04-22,0.0,78,,,,CLSB,291
8,Zagazig,2020-02-11,15000,A,FRAD,Fraud,0,2026-04-22,Gold Credit Card,100,150,4560.32,10197.01,123.33,2026-04-12,1838.74,M,1976-02-11,Vodafone Egypt,Primary,100291,,0.0,75,,,,FRAD,292
6,Assiut,2018-06-03,75000,A,WROF,Write Off,180,2026-04-26,World Elite Card,0,1000,-4163.61,70476.84,6252.76,2026-04-28,623.0,M,1991-11-24,CIB,Primary,100292,2026-03-03,4767.34,96,,,,WROF,293
4,Mansoura,2021-04-27,30000,A,SUSP,Profit Suspended,120,2026-04-23,Gold Credit Card,100,0,16196.4,13633.43,5213.75,2026-04-07,680.56,F,1980-06-27,IBM Egypt,Secondary,100297,,13842.78,61,,,,SUSP,298
7,Luxor,2020-10-15,100000,I,CLSD,Closed,0,2026-04-27,Travel Rewards Card,100,1000,88193.02,11806.64,5181.37,2026-04-04,1354.97,M,1989-09-06,Vodafone Egypt,Primary,100302,2026-04-08,0.0,67,,,,CLSD,303
8,Zagazig,2023-07-24,15000,A,SUSP,Profit Suspended,120,2026-04-30,Business Credit Card,200,150,8503.46,6143.14,464.87,2026-04-27,1784.32,F,1998-03-19,Talaat Moustafa Group,Primary,100303,,8084.64,33,,,,SUSP,304
7,Luxor,2020-08-20,10000,I,CLSC,Closed by Customer,0,2026-04-27,Business Credit Card,0,500,2728.41,7066.35,1960.03,2026-04-28,845.64,F,1978-02-02,Edita Food Industries,Primary,100304,2026-04-05,0.0,69,,,,CLSC,305
4,Mansoura,2022-06-18,50000,I,CLSC,Closed by Customer,0,2026-04-26,Business Credit Card,100,500,14170.71,35465.99,14222.92,2026-04-07,327.07,F,1972-04-09,Ministry of Health,Secondary,100311,2026-04-08,0.0,47,,,,CLSC,312
4,Mansoura,2021-04-05,50000,I,CNCD,Cancelled,0,2026-04-22,Travel Rewards Card,100,1000,22494.85,27500.52,5875.93,2026-04-10,1884.89,F,1969-05-28,CIB,Primary,100312,,0.0,61,,,,CNCD,313
6,Assiut,2020-09-11,200000,A,SUSP,Profit Suspended,120,2026-04-18,Cashback Card,200,500,93375.44,106567.13,7329.88,2026-04-28,348.33,M,1979-12-28,Microsoft Egypt,Primary,100321,,115771.48,68,,,,SUSP,322
3,Alexandria,2020-06-19,15000,I,CLSB,Closed by Bank,0,2026-04-23,Cashback Card,100,300,7804.8,7146.01,3478.69,2026-04-04,1545.19,F,1983-12-06,Vodafone Egypt,Primary,100327,2026-04-30,0.0,71,,,,CLSB,328
2,Giza,2018-01-21,200000,A,WROF,Write Off,180,2026-04-17,Gold Credit Card,200,150,108342.97,91404.5,43130.96,2026-04-11,1882.99,F,1961-11-15,El Sewedy Electric,Primary,100328,2026-04-24,20186.53,100,,,,WROF,329
3,Alexandria,2020-06-23,200000,A,FRAD,Fraud,0,2026-04-26,Titanium Credit Card,100,1000,103318.58,96350.54,50718.34,2026-04-10,1032.7,M,1968-04-02,Ministry of Health,Primary,100329,,0.0,71,,,,FRAD,330
5,Tanta,2018-10-03,30000,A,SUSP,Profit Suspended,120,2026-04-19,Business Credit Card,200,300,5337.69,24566.45,7387.45,2026-04-26,852.75,M,1990-02-16,Elsewedy Capital,Primary,100330,,12884.63,92,,,,SUSP,331
6,Assiut,2020-06-26,75000,I,CLSC,Closed by Customer,0,2026-04-26,Cashback Card,100,300,35710.5,38850.14,844.33,2026-04-28,1131.05,F,1971-01-16,Freelancer,Primary,100332,2026-03-16,0.0,71,,,,CLSC,333
10,Suez,2019-11-11,150000,I,CLSB,Closed by Bank,0,2026-04-27,Platinum Credit Card,100,1000,46011.58,103906.43,3705.54,2026-04-04,1179.26,M,1990-09-09,Self Employed,Secondary,100336,2026-04-11,0.0,78,,,,CLSB,337
10,Suez,2019-10-22,15000,I,CNCD,Cancelled,0,2026-04-29,Classic Credit Card,100,0,4339.63,10444.83,1327.47,2026-04-05,1170.08,M,1986-07-28,Talaat Moustafa Group,Secondary,100342,,0.0,79,,,,CNCD,343
9,Ismailia,2020-07-28,100000,A,LOST,Lost,0,2026-04-24,Travel Rewards Card,0,500,80265.8,19287.63,18623.84,2026-04-29,1646.49,M,1979-03-30,Talaat Moustafa Group,Primary,100347,,0.0,70,,,,LOST,348
9,Ismailia,2021-11-26,50000,A,WROF,Write Off,180,2026-04-25,Business Credit Card,100,500,42419.36,7143.87,13464.92,2026-04-03,1337.35,F,1986-02-23,Cairo University,Primary,100356,2026-04-03,18930.46,53,,,,WROF,357
9,Ismailia,2024-04-07,10000,I,CNCD,Cancelled,0,2026-04-30,Cashback Card,0,1000,2698.91,6862.68,2890.17,2026-04-13,352.45,F,1964-10-10,Ministry of Health,Secondary,100357,,0.0,25,,,,CNCD,358
4,Mansoura,2020-07-30,50000,I,CLSB,Closed by Bank,0,2026-04-17,Cashback Card,0,300,21884.75,27896.07,3340.87,2026-04-07,1205.7,M,1990-05-13,Juhayna,Primary,100359,2026-04-03,0.0,70,,,,CLSB,360
8,Zagazig,2024-12-17,50000,A,WROF,Write Off,180,2026-04-30,World Elite Card,500,150,20826.81,28805.62,13970.69,2026-04-17,177.25,F,1976-08-25,Microsoft Egypt,Primary,100362,2026-04-07,24707.88,16,,,,WROF,363
1,Cairo Main,2022-09-30,100000,A,LOST,Lost,0,2026-04-26,Classic Credit Card,500,150,34855.77,64985.56,26568.35,2026-04-16,1411.36,F,1983-08-01,CIB,Primary,100363,,0.0,43,,,,LOST,364
2,Giza,2019-11-01,5000,I,CNCD,Cancelled,0,2026-04-29,World Elite Card,500,0,462.37,4259.68,1338.36,2026-04-03,689.11,F,1990-12-22,Edita Food Industries,Primary,100368,,0.0,79,,,,CNCD,369
9,Ismailia,2020-11-21,50000,I,CLSD,Closed,0,2026-04-28,Gold Credit Card,200,1000,-3836.63,46155.04,13380.44,2026-04-05,1235.94,M,1996-05-02,Cairo University,Primary,100369,2026-03-12,0.0,66,,,,CLSD,370
6,Assiut,2018-08-02,20000,A,SUSP,Profit Suspended,120,2026-04-26,Titanium Credit Card,200,0,6781.17,13040.79,4629.06,2026-04-20,1140.14,M,1999-10-24,Talaat Moustafa Group,Primary,100386,,9850.02,94,,,,SUSP,387
6,Assiut,2018-08-02,20000,I,CLSC,Closed by Customer,0,2026-04-23,Cashback Card,200,0,5904.96,13914.07,1072.47,2026-04-19,682.1,M,1999-10-24,Talaat Moustafa Group,Primary,100386,2026-03-10,0.0,94,,,,CLSC,387
3,Alexandria,2021-11-25,50000,I,CNCD,Cancelled,0,2026-04-17,Travel Rewards Card,100,0,35857.59,14030.05,1971.81,2026-04-12,1797.18,M,1984-05-20,Freelancer,Primary,100390,,0.0,53,,,,CNCD,391
9,Ismailia,2024-08-14,30000,A,SUSP,Profit Suspended,120,2026-04-26,Titanium Credit Card,0,0,13916.03,15913.28,7550.07,2026-04-18,129.96,M,1987-12-28,Self Employed,Secondary,100394,,7616.14,20,,,,SUSP,395
10,Suez,2022-04-16,5000,A,SUSP,Profit Suspended,120,2026-04-19,Classic Credit Card,200,1000,1553.78,3014.42,830.31,2026-04-24,1779.42,M,1960-07-06,Edita Food Industries,Primary,100404,,1281.78,49,,,,SUSP,405
1,Cairo Main,2022-05-29,100000,I,CLSC,Closed by Customer,0,2026-04-30,Business Credit Card,500,300,68471.62,31045.08,24460.51,2026-04-28,200.46,F,1990-03-20,Banque Misr,Primary,100405,2026-04-10,0.0,47,,,,CLSC,406
4,Mansoura,2022-06-08,200000,A,LOST,Lost,0,2026-04-29,Titanium Credit Card,100,0,126602.64,73171.78,46155.98,2026-04-11,584.47,F,1981-11-19,Amazon Egypt,Primary,100407,,0.0,47,,,,LOST,408
9,Ismailia,2018-09-11,30000,I,CLSC,Closed by Customer,0,2026-04-25,Classic Credit Card,200,150,12994.41,16947.05,5955.28,2026-04-01,1503.18,M,1972-05-16,Edita Food Industries,Secondary,100415,2026-03-12,0.0,92,,,,CLSC,416
10,Suez,2020-04-08,15000,A,SUSP,Profit Suspended,120,2026-04-27,Platinum Credit Card,500,150,2827.37,11738.86,660.7,2026-04-11,1512.69,M,1984-04-13,Edita Food Industries,Primary,100417,,5434.8,73,,,,SUSP,418
9,Ismailia,2024-10-12,100000,I,CLSC,Closed by Customer,0,2026-04-20,Gold Credit Card,500,500,72005.61,27519.07,20326.99,2026-04-19,1880.47,F,1997-12-15,Banque Misr,Primary,100420,2026-03-31,0.0,18,,,,CLSC,421
8,Zagazig,2021-08-23,100000,I,CNCD,Cancelled,0,2026-04-19,Travel Rewards Card,0,1000,-1744.32,97976.27,22559.43,2026-04-07,1025.72,F,1990-11-08,Edita Food Industries,Primary,100422,,0.0,57,,,,CNCD,423
8,Zagazig,2021-08-23,100000,A,LOST,Lost,0,2026-04-21,Titanium Credit Card,0,1000,-5997.2,93639.1,25647.77,2026-04-30,1364.31,F,1990-11-08,Edita Food Industries,Primary,100422,,0.0,57,,,,LOST,423
4,Mansoura,2022-12-06,75000,I,CLSC,Closed by Customer,0,2026-04-16,World Elite Card,100,500,9133.85,65746.03,21.87,2026-04-19,523.98,F,1973-01-22,Military,Secondary,100424,2026-04-20,0.0,41,,,,CLSC,425
8,Zagazig,2023-01-25,10000,I,CLSB,Closed by Bank,0,2026-04-29,Business Credit Card,100,500,9425.02,264.2,1973.84,2026-04-11,469.89,F,1997-03-23,Edita Food Industries,Primary,100425,2026-04-13,0.0,39,,,,CLSB,426
9,Ismailia,2022-04-23,150000,A,WROF,Write Off,180,2026-05-01,Platinum Credit Card,500,1000,139077.56,10771.13,35377.93,2026-04-30,1779.71,F,1991-09-23,Orange Egypt,Primary,100427,2026-04-27,57285.86,48,,,,WROF,428
4,Mansoura,2024-12-25,30000,I,CLSC,Closed by Customer,0,2026-04-18,Business Credit Card,500,1000,12526.39,17410.56,26.84,2026-04-12,66.74,M,1960-02-27,Military,Secondary,100429,2026-04-24,0.0,16,,,,CLSC,430
5,Tanta,2024-09-02,200000,A,FRAD,Fraud,0,2026-05-01,Titanium Credit Card,200,0,94825.83,104744.94,38811.79,2026-04-08,1728.31,M,1987-05-31,Juhayna,Primary,100432,,0.0,20,,,,FRAD,433
10,Suez,2019-03-24,200000,I,CNCD,Cancelled,0,2026-04-22,Gold Credit Card,200,500,426.32,199371.42,43933.17,2026-04-25,63.18,F,1962-08-11,Talaat Moustafa Group,Primary,100434,,0.0,86,,,,CNCD,435
3,Alexandria,2024-04-23,100000,I,CLSC,Closed by Customer,0,2026-05-01,Business Credit Card,500,150,49403.35,50411.85,17004.19,2026-04-10,468.89,M,1987-07-22,Juhayna,Secondary,100435,2026-03-21,0.0,24,,,,CLSC,436
1,Cairo Main,2019-12-21,20000,A,SUSP,Profit Suspended,120,2026-04-25,Cashback Card,500,500,10783.51,8807.04,1150.37,2026-04-30,904.39,M,1997-04-28,Banque Misr,Primary,100438,,6759.8,77,,,,SUSP,439
6,Assiut,2018-06-03,20000,I,CLSC,Closed by Customer,0,2026-04-22,Business Credit Card,500,1000,-1950.54,17565.29,3088.23,2026-04-19,1456.31,M,1995-03-18,El Sewedy Electric,Primary,100442,2026-04-25,0.0,96,,,,CLSC,443
5,Tanta,2021-09-02,15000,I,CLSB,Closed by Bank,0,2026-04-17,Gold Credit Card,100,150,5293.97,9570.25,455.08,2026-04-26,122.49,M,1994-10-15,Freelancer,Primary,100443,2026-03-04,0.0,56,,,,CLSB,444
5,Tanta,2021-09-02,15000,I,CLSB,Closed by Bank,0,2026-04-23,Travel Rewards Card,100,150,8141.41,6527.92,545.21,2026-04-26,215.74,M,1994-10-15,Freelancer,Primary,100443,2026-03-11,0.0,56,,,,CLSB,444
10,Suez,2023-10-07,10000,I,CLSC,Closed by Customer,0,2026-04-25,Cashback Card,200,300,7875.84,2093.99,231.05,2026-04-25,438.5,M,1985-02-06,Juhayna,Primary,100446,2026-03-18,0.0,31,,,,CLSC,447
7,Luxor,2024-09-07,200000,I,CLSC,Closed by Customer,0,2026-04-19,Business Credit Card,200,300,19219.57,180506.25,38828.1,2026-04-24,1009.88,F,1968-01-11,El Sewedy Electric,Primary,100448,2026-04-25,0.0,20,,,,CLSC,449
9,Ismailia,2022-06-30,200000,I,CLSB,Closed by Bank,0,2026-04-17,Titanium Credit Card,100,500,58263.1,141697.12,57448.61,2026-04-19,1810.35,F,1980-09-04,National Bank of Egypt,Primary,100452,2026-03-26,0.0,46,,,,CLSB,453
1,Cairo Main,2024-01-01,5000,I,CLSD,Closed,0,2026-04-17,Business Credit Card,200,500,1983.42,2724.73,1449.2,2026-04-01,1391.66,F,1975-05-30,Juhayna,Primary,100464,2026-04-09,0.0,28,,,,CLSD,465
5,Tanta,2018-12-04,15000,I,CLSB,Closed by Bank,0,2026-04-17,World Elite Card,200,150,9383.16,5223.71,2781.57,2026-04-18,335.79,F,1981-09-29,Talaat Moustafa Group,Secondary,100466,2026-04-03,0.0,90,,,,CLSB,467
6,Assiut,2019-08-18,200000,I,CNCD,Cancelled,0,2026-04-24,Titanium Credit Card,500,500,133766.61,66162.2,57373.31,2026-04-19,470.94,M,1963-10-14,Freelancer,Primary,100468,,0.0,81,,,,CNCD,469
2,Giza,2021-12-20,75000,I,CNCD,Cancelled,0,2026-04-16,World Elite Card,200,300,-1642.54,72865.04,16619.59,2026-04-11,614.8,F,1983-10-31,CIB,Primary,100471,,0.0,53,,,,CNCD,472
7,Luxor,2018-09-04,30000,I,CNCD,Cancelled,0,2026-04-30,World Elite Card,0,500,23617.81,6117.88,5689.19,2026-04-22,120.89,M,1974-12-03,Military,Primary,100476,,0.0,93,,,,CNCD,477
7,Luxor,2018-09-04,30000,A,WROF,Write Off,180,2026-04-19,Titanium Credit Card,0,500,9789.44,19996.68,2786.02,2026-04-06,1571.63,M,1974-12-03,Military,Primary,100476,2026-03-15,1412.8,93,,,,WROF,477
6,Assiut,2021-05-25,75000,I,CLSB,Closed by Bank,0,2026-04-22,Gold Credit Card,200,1000,63659.82,11287.9,9346.37,2026-04-20,241.82,F,1990-08-02,National Bank of Egypt,Secondary,100480,2026-04-18,0.0,60,,,,CLSB,481
3,Alexandria,2018-06-11,75000,A,SUSP,Profit Suspended,120,2026-04-17,World Elite Card,500,0,14336.25,60280.01,7729.21,2026-04-16,1273.55,F,1984-11-14,Self Employed,Primary,100481,,28665.55,96,,,,SUSP,482
3,Alexandria,2020-03-01,5000,I,CLSB,Closed by Bank,0,2026-05-01,Business Credit Card,500,0,2812.29,2001.07,1453.07,2026-04-30,142.47,F,1961-08-07,Self Employed,Primary,100482,2026-04-19,0.0,75,,,,CLSB,483
2,Giza,2021-05-18,50000,I,CLSB,Closed by Bank,0,2026-05-01,Titanium Credit Card,100,0,27661.83,21943.56,888.13,2026-04-07,844.95,M,1988-02-18,Military,Primary,100490,2026-04-09,0.0,60,,,,CLSB,491
9,Ismailia,2018-10-18,20000,I,CLSC,Closed by Customer,0,2026-04-30,Cashback Card,100,300,-1427.69,18555.69,5332.0,2026-04-25,1075.54,M,1965-03-16,CIB,Primary,100493,2026-04-07,0.0,91,,,,CLSC,494
7,Luxor,2022-06-04,100000,I,CLSC,Closed by Customer,0,2026-04-25,Titanium Credit Card,500,150,70112.88,29629.15,3542.53,2026-04-28,66.17,M,1983-10-28,Ministry of Health,Primary,100499,2026-04-09,0.0,47,,,,CLSC,500
5,Tanta,2020-01-05,100000,I,CLSC,Closed by Customer,0,2026-04-17,Titanium Credit Card,200,500,54973.15,44746.69,7045.87,2026-04-23,1603.45,M,1978-09-17,Military,Primary,100521,2026-04-15,0.0,76,,,,CLSC,522
5,Tanta,2020-05-09,15000,A,SUSP,Profit Suspended,120,2026-05-01,Cashback Card,0,0,12340.25,2547.38,1917.43,2026-04-07,1898.68,F,1965-08-15,Amazon Egypt,Primary,100528,,5439.02,72,,,,SUSP,529
5,Tanta,2020-05-09,15000,A,LOST,Lost,0,2026-04-19,Classic Credit Card,0,0,11540.07,3298.08,670.23,2026-04-12,790.23,F,1965-08-15,Amazon Egypt,Primary,100528,,0.0,72,,,,LOST,529
4,Mansoura,2020-03-30,15000,I,CLSC,Closed by Customer,0,2026-04-28,Classic Credit Card,0,150,8869.09,5904.17,869.89,2026-04-12,1165.9,F,1986-05-11,Cairo University,Primary,100530,2026-04-26,0.0,74,,,,CLSC,531
7,Luxor,2018-10-13,100000,I,CLSB,Closed by Bank,0,2026-04-23,Cashback Card,500,0,14622.13,85044.56,22138.57,2026-04-24,1947.67,F,1968-06-20,Freelancer,Primary,100535,2026-04-13,0.0,91,,,,CLSB,536
8,Zagazig,2018-04-20,15000,I,CNCD,Cancelled,0,2026-04-29,Cashback Card,100,300,9666.22,4835.67,294.47,2026-04-16,1210.89,M,1990-06-02,National Bank of Egypt,Primary,100539,,0.0,97,,,,CNCD,540
8,Zagazig,2021-04-17,100000,I,CNCD,Cancelled,0,2026-04-25,World Elite Card,200,1000,91457.25,8095.84,11421.51,2026-04-01,1519.4,M,1969-01-21,Orange Egypt,Secondary,100540,,0.0,61,,,,CNCD,541
2,Giza,2023-12-16,100000,A,SUSP,Profit Suspended,120,2026-05-01,Cashback Card,0,300,8278.37,91494.92,22976.74,2026-04-21,1326.09,F,1985-05-29,Amazon Egypt,Primary,100549,,31954.55,28,,,,SUSP,550
9,Ismailia,2024-11-21,75000,I,CLSC,Closed by Customer,0,2026-04-19,World Elite Card,200,500,35966.37,38590.96,10175.96,2026-04-07,1380.5,M,1996-04-14,Elsewedy Capital,Primary,100551,2026-03-31,0.0,17,,,,CLSC,552
9,Ismailia,2024-11-21,75000,I,CNCD,Cancelled,0,2026-04-27,Gold Credit Card,200,500,-6375.94,68234.49,2632.97,2026-04-04,1276.37,M,1996-04-14,Elsewedy Capital,Primary,100551,,0.0,17,,,,CNCD,552
7,Luxor,2018-09-21,20000,I,CLSB,Closed by Bank,0,2026-04-23,Travel Rewards Card,200,150,7123.58,12728.94,1403.83,2026-04-03,97.73,F,1974-04-17,Military,Primary,100552,2026-03-24,0.0,92,,,,CLSB,553
3,Alexandria,2018-04-24,20000,I,CLSC,Closed by Customer,0,2026-04-17,World Elite Card,500,1000,639.71,19170.97,2017.8,2026-04-19,836.33,F,1968-08-10,Amazon Egypt,Primary,100553,2026-03-25,0.0,97,,,,CLSC,554
10,Suez,2018-09-18,75000,I,CLSC,Closed by Customer,0,2026-04-20,Titanium Credit Card,100,150,60195.51,14703.15,8075.98,2026-04-08,1235.18,M,1973-05-14,Cairo University,Primary,100555,2026-04-25,0.0,92,,,,CLSC,556
10,Suez,2023-11-22,30000,I,CLSC,Closed by Customer,0,2026-04-20,Gold Credit Card,100,1000,11592.11,18020.28,3683.64,2026-04-14,1023.63,M,1994-10-08,Edita Food Industries,Primary,100556,2026-04-06,0.0,29,,,,CLSC,557
1,Cairo Main,2024-10-17,5000,I,CNCD,Cancelled,0,2026-04-21,Classic Credit Card,100,300,1795.4,2773.99,1447.8,2026-04-20,694.19,F,1988-12-13,Juhayna,Primary,100559,,0.0,18,,,,CNCD,560
10,Suez,2018-03-26,5000,I,CLSD,Closed,0,2026-04-17,Business Credit Card,100,300,3699.37,1184.9,1447.09,2026-04-05,1140.68,M,1970-01-25,Orange Egypt,Primary,100565,2026-03-24,0.0,98,,,,CLSD,566
4,Mansoura,2020-04-12,20000,I,CNCD,Cancelled,0,2026-04-24,World Elite Card,500,500,67.61,19506.97,138.68,2026-04-25,560.98,M,1992-01-04,Amazon Egypt,Secondary,100567,,0.0,73,,,,CNCD,568
4,Mansoura,2020-04-12,20000,A,SUSP,Profit Suspended,120,2026-04-16,Platinum Credit Card,500,500,153.45,19483.36,4272.85,2026-04-28,99.74,M,1992-01-04,Amazon Egypt,Secondary,100567,,3627.38,73,,,,SUSP,568
5,Tanta,2022-02-28,15000,I,CLSD,Closed,0,2026-04-25,World Elite Card,200,150,2960.37,11971.43,1719.79,2026-04-24,1646.69,F,1977-09-14,Edita Food Industries,Secondary,100571,2026-04-16,0.0,50,,,,CLSD,572
5,Tanta,2019-11-21,150000,I,CLSC,Closed by Customer,0,2026-04-19,World Elite Card,0,1000,89761.35,59954.16,43271.23,2026-04-28,922.61,M,1968-02-07,Amazon Egypt,Secondary,100576,2026-03-22,0.0,78,,,,CLSC,577
8,Zagazig,2021-01-08,200000,I,CLSC,Closed by Customer,0,2026-04-16,Cashback Card,0,1000,172864.98,26856.47,53239.38,2026-04-12,1819.67,F,1980-05-14,Edita Food Industries,Secondary,100578,2026-03-13,0.0,64,,,,CLSC,579
10,Suez,2022-01-10,10000,I,CLSC,Closed by Customer,0,2026-04-19,Titanium Credit Card,500,500,3739.25,6168.34,1172.08,2026-04-12,325.08,F,1965-11-21,Talaat Moustafa Group,Primary,100581,2026-03-11,0.0,52,,,,CLSC,582
2,Giza,2021-05-04,50000,I,CLSB,Closed by Bank,0,2026-04-17,Business Credit Card,500,1000,20243.57,29646.34,13795.16,2026-04-25,768.0,F,1978-09-02,Edita Food Industries,Secondary,100586,2026-04-11,0.0,60,,,,CLSB,587
3,Alexandria,2024-10-10,30000,A,WROF,Write Off,180,2026-04-22,Gold Credit Card,0,0,26863.13,2989.13,7731.92,2026-04-08,1152.96,F,1963-07-05,CIB,Primary,100587,2026-04-06,12222.29,18,,,,WROF,588
8,Zagazig,2019-02-11,15000,A,LOST,Lost,0,2026-04-26,Cashback Card,100,0,13650.81,880.82,1789.93,2026-04-28,1195.86,M,1992-11-10,Freelancer,Secondary,100600,,0.0,87,,,,LOST,601
2,Giza,2021-07-13,75000,A,LOST,Lost,0,2026-04-18,Titanium Credit Card,500,0,-3384.76,71383.26,16418.17,2026-04-12,1846.76,M,1975-03-05,Cairo University,Primary,100603,,0.0,58,,,,LOST,604
2,Giza,2021-07-13,75000,I,CLSB,Closed by Bank,0,2026-04-27,Classic Credit Card,500,0,-2253.64,72559.33,14426.16,2026-04-20,1747.01,M,1975-03-05,Cairo University,Primary,100603,2026-03-09,0.0,58,,,,CLSB,604
5,Tanta,2021-05-29,75000,A,WROF,Write Off,180,2026-04-21,Classic Credit Card,200,300,69601.28,4959.3,11083.71,2026-04-23,1912.67,F,1970-10-29,CIB,Primary,100607,2026-04-25,6481.47,59,,,,WROF,608
5,Tanta,2018-01-22,100000,I,CLSC,Closed by Customer,0,2026-04-29,Titanium Credit Card,100,300,20832.66,78935.32,17703.34,2026-04-15,630.23,F,1985-09-04,Juhayna,Primary,100608,2026-04-25,0.0,100,,,,CLSC,609
2,Giza,2024-04-10,10000,I,CLSC,Closed by Customer,0,2026-04-23,Classic Credit Card,100,500,963.15,8723.26,2847.69,2026-04-20,1140.55,M,1988-11-18,CIB,Primary,100618,2026-03-09,0.0,25,,,,CLSC,619
1,Cairo Main,2020-04-22,20000,A,FRAD,Fraud,0,2026-04-17,Classic Credit Card,200,500,536.74,19439.18,1230.37,2026-04-19,1518.26,M,1972-05-01,Self Employed,Secondary,100619,,0.0,73,,,,FRAD,620
7,Luxor,2022-08-27,5000,I,CNCD,Cancelled,0,2026-04-19,Cashback Card,200,0,4657.1,0.0,1242.6,2026-04-12,1314.74,M,1968-02-05,CIB,Primary,100620,,0.0,44,,,,CNCD,621
9,Ismailia,2018-07-06,15000,I,CLSC,Closed by Customer,0,2026-04-25,Platinum Credit Card,0,500,7358.89,7177.46,2972.01,2026-04-24,953.31,M,1972-08-14,Banque Misr,Primary,100627,2026-03-26,0.0,95,,,,CLSC,628
4,Mansoura,2023-08-30,50000,I,CLSB,Closed by Bank,0,2026-04-16,Cashback Card,200,500,31486.99,18378.72,10390.64,2026-04-23,1781.2,F,1987-05-20,Elsewedy Capital,Primary,100628,2026-03-29,0.0,32,,,,CLSB,629
6,Assiut,2019-12-27,5000,I,CLSC,Closed by Customer,0,2026-04-18,Cashback Card,100,500,3500.75,1426.97,754.84,2026-04-06,479.98,M,1977-05-07,Elsewedy Capital,Primary,100631,2026-03-15,0.0,77,,,,CLSC,632
4,Mansoura,2024-11-17,30000,A,LOST,Lost,0,2026-04-26,Gold Credit Card,500,300,2439.33,27535.41,4567.41,2026-04-26,1758.38,M,1964-01-14,Talaat Moustafa Group,Primary,100632,,0.0,17,,,,LOST,633
1,Cairo Main,2021-08-16,75000,A,SUSP,Profit Suspended,120,2026-04-30,Platinum Credit Card,0,1000,11286.47,63467.43,5792.5,2026-04-23,1679.25,F,1998-04-20,Self Employed,Primary,100635,,12771.78,57,,,,SUSP,636
7,Luxor,2020-10-20,20000,I,CLSD,Closed,0,2026-04-26,World Elite Card,0,0,8931.67,10952.01,3005.0,2026-04-06,93.75,M,1963-05-04,Self Employed,Primary,100637,2026-03-22,0.0,67,,,,CLSD,638
6,Assiut,2020-10-22,20000,I,CLSC,Closed by Customer,0,2026-04-18,Titanium Credit Card,200,0,15990.06,3703.34,5564.61,2026-04-15,1106.07,F,1997-09-13,Government,Primary,100638,2026-04-13,0.0,67,,,,CLSC,639
6,Assiut,2023-05-03,100000,I,CLSC,Closed by Customer,0,2026-04-16,Cashback Card,200,1000,21610.95,78236.47,20812.96,2026-04-19,618.93,F,1968-06-29,Amazon Egypt,Primary,100646,2026-04-27,0.0,36,,,,CLSC,647
1,Cairo Main,2020-06-17,5000,A,SUSP,Profit Suspended,120,2026-04-19,Titanium Credit Card,500,1000,3381.02,1538.95,1331.07,2026-04-06,595.98,M,1982-03-31,Elsewedy Capital,Primary,100647,,836.58,71,,,,SUSP,648
4,Mansoura,2022-03-06,15000,I,CLSB,Closed by Bank,0,2026-04-16,Travel Rewards Card,0,150,9169.05,5693.42,440.74,2026-04-21,274.89,M,1976-07-31,El Sewedy Electric,Primary,100651,2026-04-17,0.0,50,,,,CLSB,652
4,Mansoura,2022-03-06,15000,I,CNCD,Cancelled,0,2026-04-29,Cashback Card,0,150,11973.76,2569.36,196.05,2026-04-21,1198.4,M,1976-07-31,El Sewedy Electric,Primary,100651,,0.0,50,,,,CNCD,652
9,Ismailia,2023-06-26,20000,A,LOST,Lost,0,2026-04-20,Business Credit Card,0,150,1341.46,18614.74,3621.7,2026-04-05,1758.04,F,1986-03-14,Government,Primary,100653,,0.0,34,,,,LOST,654
4,Mansoura,2020-08-18,75000,I,CLSC,Closed by Customer,0,2026-04-28,Travel Rewards Card,500,1000,55421.89,19277.29,6081.05,2026-04-13,993.83,M,1980-04-11,IBM Egypt,Primary,100655,2026-03-06,0.0,69,,,,CLSC,656
10,Suez,2022-05-21,75000,I,CNCD,Cancelled,0,2026-04-26,Travel Rewards Card,0,1000,-3574.3,71274.06,2508.45,2026-04-14,941.52,F,1998-11-21,El Sewedy Electric,Primary,100664,,0.0,48,,,,CNCD,665
7,Luxor,2019-03-30,15000,I,CLSD,Closed,0,2026-04-18,Business Credit Card,0,500,7406.23,7347.27,2593.18,2026-04-27,811.38,M,1967-01-16,Banque Misr,Secondary,100667,2026-03-08,0.0,86,,,,CLSD,668
8,Zagazig,2024-10-08,200000,I,CLSC,Closed by Customer,0,2026-04-23,Titanium Credit Card,500,300,175556.78,24003.61,2898.99,2026-04-19,593.52,M,1967-02-14,Vodafone Egypt,Secondary,100668,2026-04-30,0.0,19,,,,CLSC,669
1,Cairo Main,2019-10-09,30000,I,CLSD,Closed,0,2026-04-25,Cashback Card,0,150,375.38,29328.5,700.09,2026-04-25,814.1,F,1970-10-02,Amazon Egypt,Secondary,100671,2026-03-08,0.0,79,,,,CLSD,672
10,Suez,2019-12-27,30000,A,WROF,Write Off,180,2026-04-29,Travel Rewards Card,100,0,19171.74,10688.97,7305.71,2026-04-17,593.79,M,1964-07-04,Talaat Moustafa Group,Primary,100675,2026-04-09,7081.04,77,,,,WROF,676
4,Mansoura,2018-05-22,150000,I,CLSC,Closed by Customer,0,2026-04-20,Classic Credit Card,0,500,134966.47,15006.75,17319.48,2026-04-23,1998.08,F,1992-01-17,Freelancer,Primary,100676,2026-03-03,0.0,96,,,,CLSC,677
7,Luxor,2020-04-06,20000,I,CLSB,Closed by Bank,0,2026-04-23,Titanium Credit Card,100,0,3924.88,15658.61,1224.14,2026-04-25,873.98,M,1994-05-30,Amazon Egypt,Primary,100677,2026-04-03,0.0,73,,,,CLSB,678
4,Mansoura,2018-09-16,20000,I,CLSB,Closed by Bank,0,2026-04-16,Gold Credit Card,100,150,13652.48,6284.68,2456.06,2026-04-08,779.68,M,1990-07-02,Amazon Egypt,Primary,100678,2026-03-31,0.0,92,,,,CLSB,679
9,Ismailia,2020-02-16,200000,I,CNCD,Cancelled,0,2026-04-23,Travel Rewards Card,500,0,56906.39,142791.47,31944.06,2026-04-18,458.82,M,1988-02-12,El Sewedy Electric,Primary,100679,,0.0,75,,,,CNCD,680
4,Mansoura,2022-03-20,20000,A,SUSP,Profit Suspended,120,2026-04-24,Titanium Credit Card,500,300,12778.7,7013.35,3187.34,2026-04-14,676.81,M,1966-10-20,Talaat Moustafa Group,Primary,100684,,6802.68,50,,,,SUSP,685
10,Suez,2020-05-20,15000,I,CNCD,Cancelled,0,2026-04-17,Platinum Credit Card,100,300,162.86,14629.07,2570.03,2026-04-26,690.07,F,1996-07-12,Freelancer,Primary,100699,,0.0,72,,,,CNCD,700
1,Cairo Main,2020-12-25,5000,I,CLSC,Closed by Customer,0,2026-04-17,Classic Credit Card,0,150,3778.19,986.49,77.31,2026-04-11,110.09,M,1962-09-27,Microsoft Egypt,Primary,100701,2026-03-30,0.0,65,,,,CLSC,702
4,Mansoura,2023-06-08,75000,I,CLSB,Closed by Bank,0,2026-04-29,Platinum Credit Card,500,500,-4684.01,69854.64,18725.28,2026-04-06,1467.88,M,1987-03-21,Microsoft Egypt,Primary,100705,2026-03-26,0.0,35,,,,CLSB,706
6,Assiut,2022-04-13,150000,A,SUSP,Profit Suspended,120,2026-04-21,Travel Rewards Card,100,300,113007.01,36866.4,36652.91,2026-04-18,653.68,M,1976-11-28,Juhayna,Primary,100709,,27477.32,49,,,,SUSP,710
6,Assiut,2022-04-13,150000,I,CNCD,Cancelled,0,2026-04-29,Business Credit Card,100,300,96212.21,53326.01,7050.66,2026-04-08,1688.98,M,1976-11-28,Juhayna,Primary,100709,,0.0,49,,,,CNCD,710
7,Luxor,2021-08-02,50000,I,CNCD,Cancelled,0,2026-04-26,Platinum Credit Card,100,0,29169.53,20761.31,3229.04,2026-04-19,454.29,F,1979-01-02,Vodafone Egypt,Primary,100711,,0.0,57,,,,CNCD,712
1,Cairo Main,2023-10-13,50000,I,CNCD,Cancelled,0,2026-04-18,Platinum Credit Card,500,150,28492.38,21083.27,10993.63,2026-04-01,688.34,M,1965-04-06,CIB,Primary,100718,,0.0,31,,,,CNCD,719
9,Ismailia,2018-04-05,200000,I,CLSB,Closed by Bank,0,2026-04-17,Business Credit Card,200,0,141648.15,58278.84,46979.4,2026-04-25,1535.02,M,1970-02-02,Microsoft Egypt,Primary,100720,2026-04-04,0.0,98,,,,CLSB,721
10,Suez,2019-02-12,50000,I,CNCD,Cancelled,0,2026-04-16,Platinum Credit Card,500,0,8495.58,41137.6,9473.62,2026-04-26,1722.49,F,1965-08-13,Ministry of Health,Secondary,100721,,0.0,87,,,,CNCD,722
3,Alexandria,2023-02-12,10000,I,CLSC,Closed by Customer,0,2026-04-28,Gold Credit Card,100,0,209.6,9750.91,2246.08,2026-04-14,1273.42,F,1977-12-11,El Sewedy Electric,Primary,100727,2026-03-09,0.0,39,,,,CLSC,728
4,Mansoura,2019-03-07,10000,I,CLSC,Closed by Customer,0,2026-04-17,World Elite Card,500,0,3709.13,5972.08,68.04,2026-04-02,1640.55,F,1976-12-25,Cairo University,Secondary,100730,2026-03-24,0.0,87,,,,CLSC,731
3,Alexandria,2023-08-02,150000,I,CLSD,Closed,0,2026-04-28,Gold Credit Card,500,0,122235.29,27359.78,18773.16,2026-04-23,175.44,M,1981-07-07,Vodafone Egypt,Primary,100735,2026-04-16,0.0,33,,,,CLSD,736
8,Zagazig,2022-03-14,30000,I,CLSC,Closed by Customer,0,2026-04-22,Platinum Credit Card,200,0,8206.57,21651.24,4271.17,2026-04-23,977.14,F,1977-09-25,Freelancer,Primary,100741,2026-04-10,0.0,50,,,,CLSC,742
6,Assiut,2023-05-17,5000,I,CLSB,Closed by Bank,0,2026-05-01,Classic Credit Card,200,0,628.5,4088.24,1201.81,2026-04-01,65.06,F,1979-02-10,IBM Egypt,Primary,100748,2026-03-20,0.0,36,,,,CLSB,749
2,Giza,2022-09-13,150000,I,CLSC,Closed by Customer,0,2026-04-29,Classic Credit Card,200,150,18980.85,130571.13,30107.12,2026-04-09,1825.98,F,1981-08-28,Orange Egypt,Secondary,100754,2026-03-04,0.0,44,,,,CLSC,755
10,Suez,2022-04-14,30000,I,CLSB,Closed by Bank,0,2026-05-01,Titanium Credit Card,500,150,130.61,29848.75,6449.13,2026-04-09,1431.53,F,1964-10-09,Talaat Moustafa Group,Primary,100760,2026-03-14,0.0,49,,,,CLSB,761
10,Suez,2022-04-14,30000,I,CNCD,Cancelled,0,2026-04-21,Travel Rewards Card,500,150,4869.43,25015.12,3323.93,2026-04-27,1733.94,F,1964-10-09,Talaat Moustafa Group,Primary,100760,,0.0,49,,,,CNCD,761
9,Ismailia,2019-02-25,150000,A,SUSP,Profit Suspended,120,2026-04-20,Travel Rewards Card,0,150,124998.54,24648.56,14963.32,2026-04-07,926.67,M,1973-04-23,Elsewedy Capital,Primary,100766,,18118.34,87,,,,SUSP,767
6,Assiut,2018-06-27,200000,I,CLSB,Closed by Bank,0,2026-04-30,Travel Rewards Card,200,1000,-15122.07,184518.4,22907.51,2026-04-17,1872.69,M,1963-10-21,Amazon Egypt,Primary,100768,2026-03-26,0.0,95,,,,CLSB,769
4,Mansoura,2020-07-08,5000,I,CLSB,Closed by Bank,0,2026-04-28,Gold Credit Card,100,500,4506.35,226.51,1312.87,2026-04-26,826.63,M,1969-06-14,Amazon Egypt,Primary,100774,2026-05-01,0.0,70,,,,CLSB,775
4,Mansoura,2022-05-20,50000,I,CLSC,Closed by Customer,0,2026-04-26,Titanium Credit Card,0,1000,47186.45,2704.71,14708.8,2026-04-09,211.46,M,1974-02-08,Vodafone Egypt,Primary,100783,2026-04-23,0.0,48,,,,CLSC,784
10,Suez,2018-06-03,30000,I,CLSC,Closed by Customer,0,2026-04-23,Business Credit Card,0,0,25523.13,4221.82,8454.89,2026-04-15,1642.83,M,1998-12-21,El Sewedy Electric,Secondary,100784,2026-03-05,0.0,96,,,,CLSC,785
9,Ismailia,2024-10-29,150000,A,SUSP,Profit Suspended,120,2026-04-19,Cashback Card,200,300,-5851.76,143763.48,9359.89,2026-04-06,746.83,F,1983-02-28,Military,Secondary,100785,,30969.52,18,,,,SUSP,786
2,Giza,2019-01-21,100000,I,CLSB,Closed by Bank,0,2026-04-27,World Elite Card,100,0,-7321.32,92494.36,13761.76,2026-04-02,1221.75,F,1982-05-19,Cairo University,Primary,100787,2026-03-16,0.0,88,,,,CLSB,788
3,Alexandria,2023-03-03,30000,I,CNCD,Cancelled,0,2026-04-18,World Elite Card,100,0,16554.34,13222.89,7549.87,2026-04-19,1528.87,F,1991-11-17,Orange Egypt,Primary,100788,,0.0,38,,,,CNCD,789
3,Alexandria,2023-03-03,30000,A,LOST,Lost,0,2026-04-30,Travel Rewards Card,100,0,21359.79,8201.86,7361.94,2026-04-10,1734.02,F,1991-11-17,Orange Egypt,Primary,100788,,0.0,38,,,,LOST,789
3,Alexandria,2023-03-03,30000,I,CLSC,Closed by Customer,0,2026-04-16,Titanium Credit Card,100,0,4342.54,25167.98,3965.4,2026-04-09,908.29,F,1991-11-17,Orange Egypt,Primary,100788,2026-04-12,0.0,38,,,,CLSC,789
7,Luxor,2024-12-13,15000,I,CLSB,Closed by Bank,0,2026-04-23,Cashback Card,200,0,-972.82,13659.5,4463.21,2026-04-13,405.95,F,1998-06-11,Government,Primary,100789,2026-04-01,0.0,16,,,,CLSB,790
1,Cairo Main,2020-09-29,150000,I,CLSC,Closed by Customer,0,2026-04-30,Gold Credit Card,200,500,103022.14,46596.9,23389.74,2026-04-08,1804.21,M,1993-03-29,Cairo University,Primary,100790,2026-04-18,0.0,68,,,,CLSC,791
9,Ismailia,2020-11-28,15000,A,SUSP,Profit Suspended,120,2026-04-22,Gold Credit Card,200,300,6349.5,8197.52,2366.79,2026-04-14,699.31,M,1969-08-08,El Sewedy Electric,Primary,100795,,5788.63,66,,,,SUSP,796
10,Suez,2020-06-04,50000,I,CLSC,Closed by Customer,0,2026-04-26,Titanium Credit Card,0,300,43082.8,6786.44,1449.6,2026-04-06,78.67,F,1976-12-07,Vodafone Egypt,Primary,100799,2026-04-03,0.0,71,,,,CLSC,800
2,Giza,2023-08-07,100000,A,FRAD,Fraud,0,2026-04-21,Cashback Card,200,1000,29261.46,70690.95,24196.27,2026-04-24,355.56,F,1991-05-15,Government,Secondary,100800,,0.0,33,,,,FRAD,801
1,Cairo Main,2019-09-21,50000,A,LOST,Lost,0,2026-04-29,Cashback Card,100,1000,5298.42,44551.57,4812.99,2026-04-06,1986.01,F,1961-03-06,Elsewedy Capital,Primary,100805,,0.0,80,,,,LOST,806
10,Suez,2022-05-31,5000,I,CLSD,Closed,0,2026-04-21,Gold Credit Card,500,150,435.82,4071.79,75.78,2026-04-14,1153.96,F,1988-11-27,Edita Food Industries,Primary,100806,2026-04-29,0.0,47,,,,CLSD,807
7,Luxor,2021-07-08,100000,A,SUSP,Profit Suspended,120,2026-04-27,Platinum Credit Card,0,150,39250.41,60322.81,22010.83,2026-04-21,1923.64,M,1976-10-31,CIB,Secondary,100812,,39729.52,58,,,,SUSP,813
4,Mansoura,2022-02-03,10000,I,CNCD,Cancelled,0,2026-04-29,Classic Credit Card,100,150,6686.42,3068.41,1702.29,2026-04-23,449.82,M,1998-11-19,Banque Misr,Primary,100814,,0.0,51,,,,CNCD,815
10,Suez,2018-11-03,200000,A,FRAD,Fraud,0,2026-04-24,Travel Rewards Card,500,300,40946.39,158955.63,41963.71,2026-04-30,1212.87,F,1999-08-16,El Sewedy Electric,Primary,100821,,0.0,91,,,,FRAD,822
8,Zagazig,2019-05-13,50000,A,SUSP,Profit Suspended,120,2026-04-25,Classic Credit Card,0,0,10064.71,39693.23,5797.82,2026-04-20,8.51,M,1982-02-16,CIB,Secondary,100825,,20962.72,84,,,,SUSP,826
5,Tanta,2024-11-14,75000,I,CLSB,Closed by Bank,0,2026-04-24,Platinum Credit Card,100,1000,17322.01,57194.14,14554.52,2026-04-16,196.09,F,1974-10-09,CIB,Primary,100827,2026-03-13,0.0,17,,,,CLSB,828
5,Tanta,2024-10-24,100000,A,SUSP,Profit Suspended,120,2026-04-25,Gold Credit Card,0,150,44810.41,54794.13,15381.77,2026-04-16,1114.58,M,1983-10-03,Elsewedy Capital,Primary,100835,,9404.29,18,,,,SUSP,836
5,Tanta,2020-09-04,15000,I,CNCD,Cancelled,0,2026-05-01,Gold Credit Card,100,150,2167.3,12516.8,598.81,2026-04-12,753.8,F,1998-03-30,Freelancer,Primary,100838,,0.0,68,,,,CNCD,839
7,Luxor,2018-03-27,15000,A,FRAD,Fraud,0,2026-04-29,Cashback Card,0,1000,929.61,13739.06,1952.64,2026-04-13,1796.52,F,1974-12-26,Self Employed,Primary,100839,,0.0,98,,,,FRAD,840
3,Alexandria,2022-11-21,50000,I,CNCD,Cancelled,0,2026-04-21,Platinum Credit Card,100,300,28855.82,20705.93,4695.22,2026-04-30,129.59,M,1985-04-18,Amazon Egypt,Primary,100850,,0.0,41,,,,CNCD,851
5,Tanta,2020-09-20,200000,I,CLSB,Closed by Bank,0,2026-04-16,Platinum Credit Card,200,0,109910.66,89893.46,42948.92,2026-04-15,1443.2,F,1995-04-15,Banque Misr,Primary,100853,2026-03-26,0.0,68,,,,CLSB,854
2,Giza,2024-07-22,150000,I,CLSC,Closed by Customer,0,2026-04-24,Classic Credit Card,100,1000,100047.73,49909.98,44550.68,2026-04-01,473.89,M,1993-03-19,Ministry of Health,Primary,100855,2026-04-29,0.0,21,,,,CLSC,856
7,Luxor,2020-01-24,20000,A,LOST,Lost,0,2026-04-19,Travel Rewards Card,500,1000,-1212.89,18616.09,38.38,2026-04-30,1223.73,M,1981-09-12,Amazon Egypt,Primary,100858,,0.0,76,,,,LOST,859
1,Cairo Main,2022-01-05,150000,I,CLSC,Closed by Customer,0,2026-04-24,Platinum Credit Card,500,1000,48319.16,101380.99,9387.43,2026-04-29,1103.26,M,1967-02-06,Orascom,Primary,100862,2026-04-11,0.0,52,,,,CLSC,863
2,Giza,2019-03-12,100000,A,WROF,Write Off,180,2026-04-27,Business Credit Card,100,0,93057.72,6598.86,18033.87,2026-04-04,138.5,M,1989-11-03,Microsoft Egypt,Primary,100865,2026-04-11,34885.44,86,,,,WROF,866
4,Mansoura,2018-10-26,200000,I,CLSB,Closed by Bank,0,2026-04-20,Business Credit Card,500,1000,-13890.31,185935.24,1249.2,2026-04-14,1287.84,M,1982-02-20,Ministry of Health,Primary,100874,2026-03-18,0.0,91,,,,CLSB,875
4,Mansoura,2024-10-26,75000,I,CNCD,Cancelled,0,2026-04-24,Classic Credit Card,500,0,38461.45,36075.18,6938.61,2026-04-22,923.34,F,1983-12-18,Microsoft Egypt,Primary,100876,,0.0,18,,,,CNCD,877
9,Ismailia,2019-04-19,100000,I,CLSC,Closed by Customer,0,2026-04-27,Cashback Card,200,150,78549.85,21429.32,5720.84,2026-04-03,165.3,F,1966-03-07,Amazon Egypt,Secondary,100877,2026-03-12,0.0,85,,,,CLSC,878
9,Ismailia,2021-07-30,150000,A,LOST,Lost,0,2026-04-24,Classic Credit Card,200,500,109246.77,40749.51,40780.94,2026-04-13,195.48,F,1972-01-01,Talaat Moustafa Group,Primary,100881,,0.0,57,,,,LOST,882
8,Zagazig,2020-07-08,20000,A,SUSP,Profit Suspended,120,2026-04-30,Travel Rewards Card,0,300,6753.77,13044.52,3314.78,2026-04-17,1495.84,M,1961-12-28,Ministry of Health,Primary,100884,,10837.13,70,,,,SUSP,885
9,Ismailia,2021-03-23,150000,A,LOST,Lost,0,2026-04-20,World Elite Card,100,500,129925.72,20053.91,2232.93,2026-04-19,1841.49,F,1977-05-29,Elsewedy Capital,Primary,100886,,0.0,62,,,,LOST,887
1,Cairo Main,2021-06-11,200000,I,CLSB,Closed by Bank,0,2026-04-21,World Elite Card,100,500,36607.35,163050.35,59248.58,2026-04-07,908.11,F,1965-07-29,Vodafone Egypt,Primary,100888,2026-04-25,0.0,59,,,,CLSB,889
6,Assiut,2022-04-01,200000,I,CLSD,Closed,0,2026-04-20,Platinum Credit Card,500,0,84219.09,115564.13,36269.43,2026-04-02,1236.57,M,1969-08-21,Elsewedy Capital,Primary,100895,2026-04-29,0.0,49,,,,CLSD,896
4,Mansoura,2023-02-03,5000,I,CLSC,Closed by Customer,0,2026-04-22,Travel Rewards Card,200,1000,360.24,4386.38,712.23,2026-04-21,912.48,F,1968-01-26,CIB,Primary,100900,2026-03-09,0.0,39,,,,CLSC,901
9,Ismailia,2024-08-05,30000,A,WROF,Write Off,180,2026-04-27,Platinum Credit Card,500,300,-1249.54,28688.11,6666.97,2026-04-22,657.61,M,1992-05-29,Cairo University,Primary,100904,2026-04-26,16218.69,21,,,,WROF,905
9,Ismailia,2020-03-10,5000,I,CNCD,Cancelled,0,2026-04-19,Classic Credit Card,200,150,3935.71,1020.73,677.13,2026-04-02,503.84,F,1995-11-03,Cairo University,Primary,100908,,0.0,74,,,,CNCD,909
3,Alexandria,2023-02-02,30000,I,CLSC,Closed by Customer,0,2026-04-20,Gold Credit Card,500,300,6585.02,23252.27,8993.97,2026-04-15,1686.3,M,1997-04-11,Banque Misr,Secondary,100909,2026-04-30,0.0,39,,,,CLSC,910
3,Alexandria,2023-02-02,30000,A,LOST,Lost,0,2026-04-16,Travel Rewards Card,500,300,28302.52,1522.13,4266.31,2026-04-24,850.92,M,1997-04-11,Banque Misr,Secondary,100909,,0.0,39,,,,LOST,910
2,Giza,2020-06-30,10000,I,CNCD,Cancelled,0,2026-04-29,Cashback Card,200,500,1836.35,7801.73,265.89,2026-04-22,1258.58,M,1993-05-21,Edita Food Industries,Secondary,100910,,0.0,71,,,,CNCD,911
2,Giza,2019-04-06,30000,A,SUSP,Profit Suspended,120,2026-05-01,Business Credit Card,200,150,19789.07,10018.35,28.86,2026-04-30,755.32,F,1969-10-26,CIB,Primary,100915,,4887.97,86,,,,SUSP,916
6,Assiut,2022-06-19,15000,I,CLSB,Closed by Bank,0,2026-04-19,Travel Rewards Card,500,1000,6050.68,8843.82,128.37,2026-04-15,478.32,F,1991-04-07,Elsewedy Capital,Primary,100916,2026-04-23,0.0,47,,,,CLSB,917
4,Mansoura,2022-08-03,5000,A,SUSP,Profit Suspended,120,2026-04-21,Cashback Card,200,300,1899.14,3017.7,332.97,2026-04-17,118.5,F,1999-11-30,Microsoft Egypt,Secondary,100917,,2455.42,45,,,,SUSP,918
5,Tanta,2021-01-04,100000,I,CLSB,Closed by Bank,0,2026-04-30,Cashback Card,0,300,5344.86,94330.65,26718.16,2026-04-20,520.73,F,1962-06-14,Amazon Egypt,Primary,100918,2026-04-17,0.0,64,,,,CLSB,919
2,Giza,2018-10-30,150000,I,CLSB,Closed by Bank,0,2026-04-29,Travel Rewards Card,0,1000,30826.26,118778.18,27360.48,2026-04-03,1402.41,M,1963-06-07,CIB,Primary,100923,2026-04-04,0.0,91,,,,CLSB,924
10,Suez,2021-07-02,50000,I,CLSD,Closed,0,2026-04-27,Classic Credit Card,200,300,41474.03,8439.3,610.83,2026-04-17,1080.04,F,1998-07-18,El Sewedy Electric,Primary,100924,2026-03-21,0.0,58,,,,CLSD,925
4,Mansoura,2019-08-02,75000,I,CLSB,Closed by Bank,0,2026-04-18,Business Credit Card,100,0,56309.87,18353.53,13903.36,2026-04-20,403.7,F,1963-10-06,Talaat Moustafa Group,Primary,100928,2026-04-19,0.0,82,,,,CLSB,929
9,Ismailia,2022-03-26,75000,I,CNCD,Cancelled,0,2026-04-30,Cashback Card,200,1000,29971.18,44868.37,20057.93,2026-04-30,1328.93,M,1977-08-21,Military,Secondary,100940,,0.0,49,,,,CNCD,941
4,Mansoura,2024-07-29,30000,I,CLSD,Closed,0,2026-04-27,Cashback Card,200,1000,9892.45,19992.21,1197.53,2026-04-07,227.58,M,1960-04-01,Military,Primary,100943,2026-04-15,0.0,21,,,,CLSD,944
1,Cairo Main,2018-04-29,200000,I,CNCD,Cancelled,0,2026-04-25,Cashback Card,100,150,122588.75,77091.82,45693.34,2026-04-27,357.22,M,1976-07-29,Amazon Egypt,Secondary,100945,,0.0,97,,,,CNCD,946
10,Suez,2022-02-09,150000,A,SUSP,Profit Suspended,120,2026-04-25,Travel Rewards Card,500,0,50287.05,99372.71,32276.94,2026-04-04,173.11,M,1992-05-23,El Sewedy Electric,Secondary,100947,,19082.28,51,,,,SUSP,948
5,Tanta,2019-12-08,100000,I,CLSC,Closed by Customer,0,2026-04-26,Titanium Credit Card,500,150,79539.27,20238.51,17027.16,2026-04-23,400.51,M,1963-10-07,Juhayna,Primary,100948,2026-03-27,0.0,77,,,,CLSC,949
10,Suez,2018-03-24,15000,A,SUSP,Profit Suspended,120,2026-04-22,Titanium Credit Card,200,500,8422.54,6574.16,968.71,2026-04-17,43.8,M,1988-02-09,Elsewedy Capital,Primary,100950,,2048.28,98,,,,SUSP,951
9,Ismailia,2020-05-13,30000,I,CLSC,Closed by Customer,0,2026-04-16,World Elite Card,0,0,26022.04,3872.59,1839.3,2026-04-25,68.52,M,1994-09-10,Self Employed,Primary,100954,2026-03-30,0.0,72,,,,CLSC,955
6,Assiut,2022-03-28,200000,I,CLSB,Closed by Bank,0,2026-04-29,Business Credit Card,200,0,36402.35,163562.85,23112.55,2026-04-01,118.75,M,1985-04-15,Amazon Egypt,Primary,100955,2026-03-20,0.0,49,,,,CLSB,956
1,Cairo Main,2019-08-28,20000,I,CLSC,Closed by Customer,0,2026-04-28,Platinum Credit Card,0,150,257.21,19720.54,1635.22,2026-04-10,633.93,M,1989-07-17,El Sewedy Electric,Primary,100960,2026-03-11,0.0,81,,,,CLSC,961
9,Ismailia,2022-03-13,5000,I,CNCD,Cancelled,0,2026-04-20,Cashback Card,0,500,3412.06,1442.03,537.41,2026-04-29,28.53,F,1997-12-07,El Sewedy Electric,Secondary,100961,,0.0,50,,,,CNCD,962
3,Alexandria,2023-10-21,10000,A,LOST,Lost,0,2026-04-24,Gold Credit Card,200,0,3762.27,5883.81,829.34,2026-04-19,1858.2,F,1977-11-11,Vodafone Egypt,Primary,100966,,0.0,30,,,,LOST,967
8,Zagazig,2022-03-08,100000,A,WROF,Write Off,180,2026-04-28,Cashback Card,100,500,94530.55,5217.89,17051.72,2026-04-13,330.93,F,1982-07-09,National Bank of Egypt,Primary,100968,2026-04-12,11027.22,50,,,,WROF,969
8,Zagazig,2022-03-08,100000,A,SUSP,Profit Suspended,120,2026-04-30,Classic Credit Card,100,500,70768.45,29036.65,26511.66,2026-04-06,1210.89,F,1982-07-09,National Bank of Egypt,Primary,100968,,56176.88,50,,,,SUSP,969
7,Luxor,2020-01-24,30000,I,CLSC,Closed by Customer,0,2026-04-23,Travel Rewards Card,500,0,7604.94,22203.66,8214.55,2026-04-17,890.08,M,1961-01-01,Cairo University,Primary,100974,2026-04-15,0.0,76,,,,CLSC,975
9,Ismailia,2020-09-25,5000,I,CLSC,Closed by Customer,0,2026-04-28,Business Credit Card,100,500,-147.46,4390.56,353.84,2026-04-01,713.56,F,1984-03-08,Orascom,Primary,100975,2026-03-24,0.0,68,,,,CLSC,976
2,Giza,2020-07-09,5000,I,CLSB,Closed by Bank,0,2026-04-28,Classic Credit Card,200,1000,-345.89,4550.94,1444.77,2026-04-21,493.53,F,1969-12-05,Cairo University,Primary,100977,2026-04-09,0.0,70,,,,CLSB,978
9,Ismailia,2023-05-03,150000,A,WROF,Write Off,180,2026-04-29,Cashback Card,200,300,85893.42,64008.59,17062.34,2026-04-15,414.31,F,1977-06-14,Banque Misr,Primary,100978,2026-04-12,73874.14,36,,,,WROF,979
3,Alexandria,2021-03-27,5000,A,LOST,Lost,0,2026-04-29,Cashback Card,500,150,1014.23,3913.94,1394.45,2026-04-05,646.93,M,1977-12-11,Microsoft Egypt,Primary,100984,,0.0,62,,,,LOST,985
8,Zagazig,2020-03-29,50000,I,CLSD,Closed,0,2026-04-29,Gold Credit Card,0,150,44052.84,5863.59,13988.43,2026-04-07,374.99,F,1991-12-22,Freelancer,Primary,100987,2026-03-07,0.0,74,,,,CLSD,988
1,Cairo Main,2022-07-23,150000,A,SUSP,Profit Suspended,120,2026-04-27,Titanium Credit Card,200,1000,93819.8,56077.14,27677.21,2026-04-13,1623.57,M,1990-08-05,Military,Primary,100989,,12366.94,45,,,,SUSP,990
8,Zagazig,2018-09-02,30000,I,CLSB,Closed by Bank,0,2026-04-16,Classic Credit Card,500,1000,-2963.24,26716.27,3753.3,2026-04-03,241.25,F,1981-07-26,Amazon Egypt,Primary,100990,2026-03-26,0.0,93,,,,CLSB,991
2,Giza,2023-07-07,20000,A,SUSP,Profit Suspended,120,2026-04-20,Platinum Credit Card,500,300,13819.81,5897.39,419.61,2026-04-01,1230.03,F,1980-07-21,Talaat Moustafa Group,Primary,100992,,4874.17,34,,,,SUSP,993
8,Zagazig,2021-04-22,15000,I,CLSC,Closed by Customer,0,2026-04-29,Gold Credit Card,200,500,2005.53,12626.51,4300.69,2026-04-07,156.7,F,1990-03-14,Elsewedy Capital,Primary,100994,2026-04-28,0.0,61,,,,CLSC,995
2,Giza,2020-07-09,30000,A,SUSP,Profit Suspended,120,2026-04-20,Platinum Credit Card,200,1000,4639.48,24992.53,2018.78,2026-04-13,135.24,M,1975-05-11,El Sewedy Electric,Primary,100997,,3126.7,70,,,,SUSP,998
1,Cairo Main,2023-04-20,100000,I,CLSC,Closed by Customer,0,2026-04-23,Travel Rewards Card,200,1000,91297.44,8631.52,15602.5,2026-04-10,1524.37,F,1973-03-25,Banque Misr,Primary,101005,2026-04-24,0.0,36,,,,CLSC,1006
5,Tanta,2024-04-24,5000,A,SUSP,Profit Suspended,120,2026-04-26,Gold Credit Card,0,0,1649.13,3013.78,1468.43,2026-04-17,546.02,F,1964-08-10,Ministry of Health,Primary,101006,,1979.76,24,,,,SUSP,1007
4,Mansoura,2020-04-17,30000,A,SUSP,Profit Suspended,120,2026-04-28,Business Credit Card,0,1000,5758.23,24024.91,2472.29,2026-04-15,1646.2,M,1972-11-12,Amazon Egypt,Secondary,101010,,14893.94,73,,,,SUSP,1011
2,Giza,2023-11-13,15000,I,CLSB,Closed by Bank,0,2026-04-21,Gold Credit Card,0,150,8719.91,5810.14,2346.37,2026-04-03,1370.29,F,1966-12-31,Juhayna,Primary,101012,2026-03-09,0.0,30,,,,CLSB,1013
1,Cairo Main,2019-05-10,15000,I,CLSD,Closed,0,2026-04-24,Cashback Card,0,500,7804.23,6985.87,3240.45,2026-04-11,493.49,M,1975-09-30,CIB,Primary,101022,2026-04-08,0.0,84,,,,CLSD,1023
4,Mansoura,2023-07-25,75000,I,CLSD,Closed,0,2026-04-18,Cashback Card,500,1000,23035.21,51603.12,12518.07,2026-04-22,621.62,M,1999-10-17,Self Employed,Primary,101023,2026-03-18,0.0,33,,,,CLSD,1024
3,Alexandria,2023-07-13,100000,A,LOST,Lost,0,2026-04-16,Platinum Credit Card,500,150,91698.24,8009.65,27642.47,2026-04-27,1471.21,F,1994-05-27,Government,Primary,101027,,0.0,34,,,,LOST,1028
1,Cairo Main,2022-05-26,50000,I,CLSD,Closed,0,2026-04-20,Travel Rewards Card,200,500,29398.68,20197.98,4570.88,2026-04-29,1387.67,F,1968-04-25,Amazon Egypt,Secondary,101031,2026-04-26,0.0,47,,,,CLSD,1032
8,Zagazig,2020-02-28,15000,A,WROF,Write Off,180,2026-04-23,Business Credit Card,500,300,11163.46,3420.69,4326.36,2026-04-18,201.68,M,1999-08-01,Orange Egypt,Primary,101032,2026-04-04,3199.85,75,,,,WROF,1033
7,Luxor,2019-02-05,75000,A,WROF,Write Off,180,2026-05-01,Cashback Card,100,0,3552.42,70978.98,11751.96,2026-04-09,1385.17,F,1997-08-01,El Sewedy Electric,Primary,101034,2026-03-22,1298.73,88,,,,WROF,1035
7,Luxor,2019-02-05,75000,I,CLSC,Closed by Customer,0,2026-04-17,Titanium Credit Card,100,0,6865.64,67773.64,7629.14,2026-04-19,842.06,F,1997-08-01,El Sewedy Electric,Primary,101034,2026-04-09,0.0,88,,,,CLSC,1035
8,Zagazig,2022-09-17,50000,A,LOST,Lost,0,2026-04-16,World Elite Card,100,150,-824.96,48824.8,5832.79,2026-04-16,1770.93,M,1963-07-30,IBM Egypt,Secondary,101044,,0.0,44,,,,LOST,1045
1,Cairo Main,2022-12-08,200000,A,SUSP,Profit Suspended,120,2026-04-17,Travel Rewards Card,200,300,124676.7,75011.91,16323.8,2026-04-13,1850.27,F,1972-05-15,Orange Egypt,Primary,101046,,43223.11,41,,,,SUSP,1047
1,Cairo Main,2018-05-03,50000,A,LOST,Lost,0,2026-04-19,Cashback Card,100,300,40617.81,8944.79,14695.82,2026-04-13,883.81,M,1984-12-27,Talaat Moustafa Group,Primary,101050,,0.0,97,,,,LOST,1051
1,Cairo Main,2018-05-03,50000,I,CNCD,Cancelled,0,2026-04-28,World Elite Card,100,300,32570.44,16997.59,1521.33,2026-04-02,1840.29,M,1984-12-27,Talaat Moustafa Group,Primary,101050,,0.0,97,,,,CNCD,1051
5,Tanta,2019-02-16,200000,I,CNCD,Cancelled,0,2026-04-22,Cashback Card,100,150,136900.72,62826.37,45856.01,2026-04-28,33.3,F,1988-12-11,National Bank of Egypt,Primary,101053,,0.0,87,,,,CNCD,1054
5,Tanta,2019-11-09,75000,I,CLSD,Closed,0,2026-04-24,Titanium Credit Card,200,300,7065.87,67728.85,3657.56,2026-04-01,465.2,F,1998-02-21,El Sewedy Electric,Primary,101055,2026-03-30,0.0,78,,,,CLSD,1056
3,Alexandria,2020-04-17,200000,I,CLSC,Closed by Customer,0,2026-04-23,Business Credit Card,500,300,98917.79,101080.72,37223.49,2026-04-08,793.59,F,1964-04-21,Orascom,Primary,101059,2026-04-05,0.0,73,,,,CLSC,1060
5,Tanta,2023-05-04,150000,I,CLSB,Closed by Bank,0,2026-04-19,Travel Rewards Card,100,300,48624.95,100890.28,14333.11,2026-04-08,265.99,F,1961-11-13,Government,Primary,101061,2026-04-28,0.0,36,,,,CLSB,1062
4,Mansoura,2023-01-25,5000,I,CNCD,Cancelled,0,2026-04-20,Platinum Credit Card,200,1000,3312.65,1389.81,213.74,2026-04-30,907.26,F,1998-11-26,El Sewedy Electric,Primary,101062,,0.0,39,,,,CNCD,1063
4,Mansoura,2023-01-25,5000,I,CLSC,Closed by Customer,0,2026-04-30,Cashback Card,200,1000,2599.25,2049.26,560.43,2026-04-30,1530.32,F,1998-11-26,El Sewedy Electric,Primary,101062,2026-04-12,0.0,39,,,,CLSC,1063
6,Assiut,2024-01-15,15000,I,CLSC,Closed by Customer,0,2026-04-27,Titanium Credit Card,100,150,9951.34,4600.67,2235.93,2026-04-17,1603.89,M,1975-10-17,Amazon Egypt,Secondary,101063,2026-03-05,0.0,27,,,,CLSC,1064
2,Giza,2022-02-24,20000,I,CLSC,Closed by Customer,0,2026-04-26,Business Credit Card,0,150,-1543.41,18399.78,1915.9,2026-04-12,1644.76,F,1963-10-14,CIB,Secondary,101064,2026-03-27,0.0,50,,,,CLSC,1065
6,Assiut,2018-05-22,200000,A,FRAD,Fraud,0,2026-04-18,World Elite Card,0,150,180364.26,19546.21,29187.07,2026-04-12,1937.27,M,1988-02-08,Edita Food Industries,Primary,101073,,0.0,96,,,,FRAD,1074
10,Suez,2018-01-07,150000,I,CLSC,Closed by Customer,0,2026-04-17,Travel Rewards Card,0,1000,90110.14,59637.1,23487.07,2026-04-18,1335.24,M,1986-02-15,National Bank of Egypt,Secondary,101074,2026-03-12,0.0,101,,,,CLSC,1075
2,Giza,2024-09-06,15000,I,CLSB,Closed by Bank,0,2026-04-29,Titanium Credit Card,0,150,5912.98,8603.07,1815.48,2026-04-26,810.5,F,1972-08-30,Government,Primary,101075,2026-04-15,0.0,20,,,,CLSB,1076
7,Luxor,2024-04-08,20000,A,SUSP,Profit Suspended,120,2026-04-18,Cashback Card,0,1000,152.18,19840.78,2099.62,2026-04-23,926.23,M,1969-07-12,Juhayna,Primary,101077,,9311.91,25,,,,SUSP,1078
