CUSTOMER_ID,churn_probability,predicted_churn
100000,0.0073580460478478394,0
100001,0.9933164919589909,1
100002,0.005837073095270612,0
100003,0.059700379400086954,0
100004,0.006306595805485449,0
100005,0.00724453936175611,0
100006,0.02992945980587788,0
100007,0.005512963866169926,0
100008,0.012006227519480155,0
100009,0.00911729319808337,0
100010,0.0659497131919381,0
100011,0.004399780065641636,0
100012,0.008586571314633955,0
100013,0.04200442998225447,0
100014,0.007245101935755302,0
100015,0.005208588819515343,0
100016,0.011447399438694673,0
100017,0.008262067607419122,0
100018,0.004064253023352453,0
100019,0.010224341241888245,0
100020,0.01584799920063611,0
100021,0.22627471026196228,0
100022,0.006011760939597746,0
100023,0.008045657873768406,0
100024,0.02815457211134031,0
100025,0.018050619349941222,0
100026,0.006362806099931393,0
100027,0.004669782810377508,0
100028,0.006211970962068104,0
100029,0.9905081131920214,1
100030,0.9933851333698109,1
100031,0.010160392786079624,0
100032,0.012882230957766989,0
100033,0.0066804226944997555,0
100034,0.00987193864825113,0
100035,0.01162403915947783,0
100036,0.007925687576595671,0
100037,0.009538018078790924,0
100038,0.011929637434921224,0
100039,0.00777673966208373,0
100040,0.0125606324931508,0
100041,0.007514873371656978,0
100042,0.01183606726691944,0
100043,0.9969878606922081,1
100044,0.023221841100190703,0
100045,0.006384441812867681,0
100046,0.9912080217473725,1
100047,0.00663670210667084,0
100048,0.027446025242737277,0
100049,0.011126370423651558,0
100050,0.016242729383363238,0
100051,0.014285960826789608,0
100052,0.033071654927694545,0
100053,0.005738161711355635,0
100054,0.0065460002106387345,0
100055,0.008813130656313778,0
100056,0.9952263826102093,1
100057,0.013241041585768802,0
100058,0.0062524254136364504,0
100059,0.006939953770271294,0
100060,0.008671283675045197,0
100061,0.0059734967344382325,0
100062,0.008466615550639812,0
100063,0.007411484375140915,0
100064,0.0066665717783670345,0
100065,0.006809964497876853,0
100066,0.02540431636817852,0
100067,0.012189796309912451,0
100068,0.015305272544042193,0
100069,0.007990621953088925,0
100070,0.007322575399756282,0
100071,0.008878157710412263,0
100072,0.011498595236493341,0
100073,0.01679986760831764,0
100074,0.0126713196226446,0
100075,0.021082118245452922,0
100076,0.03858732092997183,0
100077,0.007786714382896085,0
100078,0.023735025080932642,0
100079,0.010291210682828629,0
100080,0.12826414478781092,0
100081,0.008059197291990464,0
100082,0.00627346467858543,0
100083,0.01966192030837525,0
100084,0.0067701280826306266,0
100085,0.01377155300790601,0
100086,0.005066228115018721,0
100087,0.007006048340336866,0
100088,0.007482180450214871,0
100089,0.9892641987470012,1
100090,0.011617033356679251,0
100091,0.006977574521188476,0
100092,0.008929142527194227,0
100093,0.01540287928448964,0
100094,0.008097561485158286,0
100095,0.016289706472417325,0
100096,0.007191384349773014,0
100097,0.0063346729125642294,0
100098,0.006774299171164995,0
100099,0.008582642209500254,0
100100,0.015113072329040632,0
100101,0.006597106959062985,0
100102,0.008980911439617262,0
100103,0.007541876543288697,0
100104,0.009396520289115955,0
100105,0.9996572153277073,1
100106,0.008636625012368797,0
100107,0.0075719668805558854,0
100108,0.007296169678043422,0
100109,0.010590677279965367,0
100110,0.0045856507089842265,0
100111,0.007001087670000915,0
100112,0.009198370362646046,0
100113,0.00676119007121796,0
100114,0.01143960461222415,0
100115,0.011125689023807943,0
100116,0.00774852754019015,0
100117,0.0059409590943312485,0
100118,0.006085778889583441,0
100119,0.006525150626574469,0
100120,0.01966510196271848,0
100121,0.026770583098672356,0
100122,0.014452803537321089,0
100123,0.988339860874265,1
100124,0.006422857949385469,0
100125,0.007566262349743356,0
100126,0.010720119877550411,0
100127,0.004523133888858027,0
100128,0.020336238343078426,0
100129,0.005983269021224708,0
100130,0.006255838465332997,0
100131,0.019156823155626838,0
100132,0.006459578119663912,0
100133,0.012607848461288538,0
100134,0.0113799560017011,0
100135,0.008185404152326308,0
100136,0.006382654834822164,0
100137,0.004972189062510551,0
100138,0.0091377312708476,0
100139,0.018383888684125698,0
100140,0.007350032810273935,0
100141,0.007634495183717362,0
100142,0.007452402750437352,0
100143,0.0059758293958182065,0
100144,0.9991963158573112,1
100145,0.01263857930607319,0
100146,0.019732394743307055,0
100147,0.0071203265178589265,0
100148,0.010690891582557496,0
100149,0.006238120320773483,0
100150,0.01282572055628426,0
100151,0.006754517583066015,0
100152,0.007356520597459,0
100153,0.007459797785997026,0
100154,0.007868077892728224,0
100155,0.005439114495234438,0
100156,0.006752979365839262,0
100157,0.007437645967363062,0
100158,0.00552759159401271,0
100159,0.007250321539865565,0
100160,0.010997827162751108,0
100161,0.006838167065926057,0
100162,0.009362397936088642,0
100163,0.053682311388634045,0
100164,0.009143406617294144,0
100165,0.1575629504618246,0
100166,0.006884815919742548,0
100167,0.007757966561265847,0
100168,0.015867967582641623,0
100169,0.01704445665084637,0
100170,0.0051610889136326325,0
100171,0.03807904353426823,0
100172,0.009134013025475493,0
100173,0.013469215466293726,0
100174,0.014763036753913402,0
100175,0.011185956932953567,0
100176,0.021046665030128107,0
100177,0.931246543133956,1
100178,0.008744187453040881,0
100179,0.008911004105059997,0
100180,0.9873133351671816,1
100181,0.0069595558547387885,0
100182,0.006864554447164404,0
100183,0.009930495494881146,0
100184,0.010501746746696584,0
100185,0.006232181306198645,0
100186,0.006312666928349107,0
100187,0.01817463332334674,0
100188,0.01562562269111651,0
100189,0.02026273422558537,0
100190,0.007967147818010323,0
100191,0.9891024208653103,1
100192,0.0165960410664588,0
100193,0.007767851963353237,0
100194,0.01297983502078413,0
100195,0.006479571499198385,0
100196,0.006025088269806735,0
100197,0.007381645389456487,0
100198,0.006975365225083951,0
100199,0.007361129902136786,0
100200,0.005652704198690627,0
100201,0.0064078050778206,0
100202,0.007691811153309194,0
100203,0.004988743334317231,0
100204,0.02552145877305436,0
100205,0.007255209742255378,0
100206,0.9871573978638575,1
100207,0.020954931333863752,0
100208,0.005652006102222519,0
100209,0.0099054483869753,0
100210,0.9865311698498298,1
100211,0.0069013874543641975,0
100212,0.016975001715464382,0
100213,0.013150383817155692,0
100214,0.993713253800201,1
100215,0.00651733264091924,0
100216,0.010744024069130538,0
100217,0.007275939638067239,0
100218,0.007186655896700064,0
100219,0.01470808313233035,0
100220,0.026341178031261854,0
100221,0.007640036696386723,0
100222,0.012473409792810435,0
100223,0.9953263865338496,1
100224,0.04656909033611719,0
100225,0.010915883293452699,0
100226,0.9883001410800969,1
100227,0.006667080950881704,0
100228,0.01114579169007985,0
100229,0.013112499856066745,0
100230,0.45043691412983655,0
100231,0.006373265640094597,0
100232,0.011846899506542968,0
100233,0.009725895751775047,0
100234,0.009202514331352218,0
100235,0.992700262458776,1
100236,0.006373163662042428,0
100237,0.007037608109728125,0
100238,0.4979191440867258,0
100239,0.008071570117306337,0
100240,0.010988765256904167,0
100241,0.008744870379903694,0
100242,0.021630974373921058,0
100243,0.0567478491861405,0
100244,0.014307604009903958,0
100245,0.006654392534211403,0
100246,0.005520204333833018,0
100247,0.02432896714081325,0
100248,0.007368871322568643,0
100249,0.00842709762534551,0
100250,0.009588855615358704,0
100251,0.0328835057572686,0
100252,0.013047415640924237,0
100253,0.9867958851327756,1
100254,0.006524590761973834,0
100255,0.16944234675042724,0
100256,0.008460227576929887,0
100257,0.008507872100176478,0
100258,0.12566317274907404,0
100259,0.006175328203043463,0
100260,0.00872739075979131,0
100261,0.010945744227236936,0
100262,0.012372420055416363,0
100263,0.9908378237801109,1
100264,0.06831776082245905,0
100265,0.8888479729432334,1
100266,0.008284748215480227,0
100267,0.012888365061959,0
100268,0.012097613280526014,0
100269,0.008185407622268633,0
100270,0.008005092765980593,0
100271,0.008743050005726321,0
100272,0.01277867744031081,0
100273,0.007125993426592269,0
100274,0.3604539292303488,0
100275,0.007998122372252399,0
100276,0.006953554675287683,0
100277,0.0038814887042047178,0
100278,0.004383757695475365,0
100279,0.010236632590537004,0
100280,0.01633930722963519,0
100281,0.9971108857295962,1
100282,0.0079116365810639,0
100283,0.9973169255283806,1
100284,0.010369803299425622,0
100285,0.00625952092328391,0
100286,0.007049844088193653,0
100287,0.009684448950238702,0
100288,0.006003796977950284,0
100289,0.024637101531768693,0
100290,0.009398138850514163,0
100291,0.007512471364807682,0
100292,0.005213170060153154,0
100293,0.005471355448578513,0
100294,0.006190270466642485,0
100295,0.009411421683909977,0
100296,0.006607790056027222,0
100297,0.006859130641040588,0
100298,0.011401245532062572,0
100299,0.047408639134990715,0
100300,0.006106347591850756,0
100301,0.005658009025091162,0
100302,0.007983722963484907,0
100303,0.00925401884557421,0
100304,0.008308624917154263,0
100305,0.023897918003450962,0
100306,0.008776258300227697,0
100307,0.029513824253878402,0
100308,0.008036271226670482,0
100309,0.0753089285776256,0
100310,0.9744431199233563,1
100311,0.009049438357858501,0
100312,0.013787930551900345,0
100313,0.08560740821700186,0
100314,0.008223681965192565,0
100315,0.005865599979220668,0
100316,0.011771421059810053,0
100317,0.007897195184917319,0
100318,0.004989135049487365,0
100319,0.006862084452923184,0
100320,0.010874347114726061,0
100321,0.9894581408245623,1
100322,0.012453178498673752,0
100323,0.004998222979216568,0
100324,0.010349228519032113,0
100325,0.006849655844604274,0
100326,0.022049637918965394,0
100327,0.006474696823297127,0
100328,0.011872525770295142,0
100329,0.005633853063337729,0
100330,0.008509459662239573,0
100331,0.014277900918519907,0
100332,0.007290838396623233,0
100333,0.006516173617757701,0
100334,0.015198847338880207,0
100335,0.017608580616242032,0
100336,0.019387840538429995,0
100337,0.02409906722022849,0
100338,0.01630700920405201,0
100339,0.02467839903418399,0
100340,0.014869491447750198,0
100341,0.00712836811228524,0
100342,0.011122644167726707,0
100343,0.009044512562474703,0
100344,0.011247963761320664,0
100345,0.012302095992788385,0
100346,0.02051513679595134,0
100347,0.0073190848754537945,0
100348,0.0068400394016891256,0
100349,0.008558515969135691,0
100350,0.07452332248432875,0
100351,0.008302549990332036,0
100352,0.006815252071993479,0
100353,0.11919735339663028,0
100354,0.016308329764274297,0
100355,0.03229007255913031,0
100356,0.006927323186850416,0
100357,0.007768756523476803,0
100358,0.007844337629984627,0
100359,0.010532691755654565,0
100360,0.9915484273787363,1
100361,0.007944910448639637,0
100362,0.02847501066004407,0
100363,0.003030885823644182,0
100364,0.006064229965685597,0
100365,0.004618939140187343,0
100366,0.007919172920070813,0
100367,0.006041477921002207,0
100368,0.007555803718485614,0
100369,0.9972296585797055,1
100370,0.006365098604996102,0
100371,0.06015667806333211,0
100372,0.008165823268629909,0
100373,0.006327225783465086,0
100374,0.006818852213925058,0
100375,0.005368606236342004,0
100376,0.025933698179394324,0
100377,0.00844541874608402,0
100378,0.08443158470252188,0
100379,0.005662724397001248,0
100380,0.018799150167748288,0
100381,0.008204374349403316,0
100382,0.056897031420915546,0
100383,0.00874991626223218,0
100384,0.008671841421795326,0
100385,0.019137983490069652,0
100386,0.007894466134543813,0
100387,0.007717755969281526,0
100389,0.009628351366943903,0
100390,0.003413335015705141,0
100391,0.008111811852318533,0
100392,0.01066106311536845,0
100393,0.006485806258510271,0
100394,0.009474908105596282,0
100395,0.9897913176390708,1
100396,0.010780419732867568,0
100397,0.008827852407517461,0
100398,0.0085656164488864,0
100399,0.009317109217750807,0
100400,0.011993172255468703,0
100401,0.009722466516106042,0
100402,0.01598470944898337,0
100403,0.014051444053303249,0
100404,0.006610570709075645,0
100405,0.006554570435522485,0
100406,0.008038393352785302,0
100407,0.005780842860861878,0
100408,0.00667440972224187,0
100409,0.0068104775668099745,0
100410,0.02147732561527772,0
100411,0.009588939733753025,0
100412,0.005061557124113188,0
100413,0.00702076975278916,0
100414,0.006770511142434578,0
100415,0.005780327985187743,0
100416,0.9895075536793039,1
100417,0.9959625977008625,1
100418,0.008425506212414243,0
100419,0.009888533056346885,0
100420,0.013907534601754985,0
100421,0.009679348461550956,0
100422,0.006767050023752122,0
100423,0.009567914619228415,0
100424,0.007740725573995912,0
100425,0.01725375168430244,0
100426,0.005978889863341793,0
100427,0.007245148170165392,0
100428,0.005907259292312166,0
100429,0.006675547308754419,0
100430,0.005998195830089505,0
100431,0.009845656269846832,0
100432,0.007125597656423187,0
100433,0.013576589662331247,0
100434,0.006147523040403546,0
100435,0.011028917008302226,0
100436,0.016292616740865774,0
100437,0.007782281844470358,0
100438,0.008683529702773835,0
100439,0.004414654145969852,0
100441,0.006963126385733151,0
100442,0.9889390329605984,1
100443,0.007447166472373557,0
100444,0.00803474580726888,0
100445,0.006483842561402544,0
100446,0.010686716430788544,0
100447,0.007870908974186935,0
100448,0.006818329265625808,0
100449,0.014415098760642802,0
100450,0.026597512833404988,0
100451,0.007497772386276838,0
100452,0.005770794210814438,0
100453,0.7056545010467022,1
100454,0.009088461511533578,0
100455,0.0075649537366448425,0
100456,0.025032172666722478,0
100457,0.05905982518998857,0
100458,0.006617962323716764,0
100459,0.0049819015791019656,0
100460,0.008367941152948864,0
100461,0.008545275810974789,0
100462,0.9879904438538193,1
100463,0.00872014552387121,0
100464,0.009500103202534837,0
100465,0.010005848691894071,0
100466,0.012251137321885108,0
100467,0.0040950236198412805,0
100468,0.006282927683343112,0
100469,0.9993269690555979,1
100470,0.006224999588643473,0
100471,0.007698115751717819,0
100472,0.024389775813272948,0
100473,0.025958655671225288,0
100474,0.00672227372989068,0
100475,0.012106847447401592,0
100476,0.006722618571338154,0
100477,0.006986266971851336,0
100478,0.006760635511794539,0
100479,0.006034283082044811,0
100480,0.007792237084894613,0
100481,0.02815681670273478,0
100482,0.01046377780311117,0
100483,0.029617546864405476,0
100484,0.007102160355275929,0
100485,0.00878706005803737,0
100486,0.9842179299891131,1
100487,0.007483671803928087,0
100488,0.0020564635515527546,0
100489,0.007892590785084473,0
100490,0.023457091946022992,0
100491,0.0062081316137903965,0
100492,0.04410516726320665,0
100493,0.00822676357469427,0
100494,0.0119688778315937,0
100495,0.009140381438435295,0
100496,0.014642545874247924,0
100497,0.014932317266421257,0
100498,0.00834093120117968,0
100499,0.006439907036867311,0
100500,0.00711563050861619,0
100501,0.005947445447039906,0
100502,0.009623957211664516,0
100503,0.008409223625592512,0
100504,0.01842688137946648,0
100505,0.01362611610751678,0
100506,0.009649627665748575,0
100507,0.008929624511596663,0
100508,0.00576949814957137,0
100509,0.005093997445530995,0
100510,0.005327806924329749,0
100511,0.015377819540133923,0
100512,0.012082528416602708,0
100513,0.12787071425723276,0
100514,0.005907408740364632,0
100515,0.012416273730010011,0
100516,0.006250255510532851,0
100517,0.0035499014227958264,0
100518,0.013640401735942895,0
100519,0.017422958133720624,0
100520,0.00943349868027053,0
100521,0.008011976928257203,0
100522,0.008569918660771975,0
100523,0.007473607900116932,0
100524,0.010185867353155999,0
100525,0.009147025133236295,0
100526,0.010492325328594327,0
100527,0.013398819325526737,0
100528,0.9924056571170037,1
100529,0.01928027351544803,0
100530,0.0077451746704883485,0
100531,0.007707008864495408,0
100532,0.013073634099869473,0
100533,0.006121068233636832,0
100534,0.021448234843810587,0
100535,0.2023785412486127,0
100536,0.007841729416170262,0
100537,0.9910968100050397,1
100538,0.00934250527319839,0
100539,0.007272111807079817,0
100540,0.005279464793492405,0
100541,0.01072374183335224,0
100542,0.0054809767837893895,0
100543,0.005671284333645017,0
100544,0.005667889590602081,0
100545,0.9882835377248554,1
100546,0.02909247783591588,0
100547,0.006578477488897889,0
100548,0.03596201422303007,0
100549,0.007987587129652812,0
100550,0.007104503943011603,0
100551,0.006031092598984833,0
100552,0.007076222651627334,0
100553,0.005321923310675128,0
100554,0.005043478825312723,0
100555,0.006063271132349988,0
100556,0.02897486099885233,0
100557,0.012313001302372482,0
100558,0.06911468283458191,0
100559,0.025419816514334413,0
100560,0.06401577213409287,0
100561,0.007241454160502349,0
100562,0.006488026511354999,0
100563,0.015802567172750047,0
100564,0.009346559943388797,0
100565,0.005012051553738252,0
100566,0.015624742874873684,0
100567,0.004670557646872319,0
100568,0.0061715067802905615,0
100569,0.012860832452708276,0
100570,0.010773876265191289,0
100571,0.01299563647005376,0
100572,0.060900350085983136,0
100573,0.009334557121113952,0
100574,0.012965350356568133,0
100575,0.007264978484356841,0
100576,0.007221398459449331,0
100578,0.006487489319628776,0
100579,0.005200669541115959,0
100580,0.018778826826757262,0
100581,0.0014885660429279236,0
100582,0.006692631906216899,0
100584,0.007948315418505799,0
100585,0.007746094204210949,0
100586,0.006074007420197796,0
100587,0.007199922867020734,0
100588,0.007431995847805882,0
100589,0.005997899043320874,0
100590,0.006913559485870232,0
100591,0.006561990618150521,0
100592,0.0074953162394229755,0
100593,0.007694093603007359,0
100594,0.015949971901740193,0
100595,0.9797460497853866,1
100597,0.0032562354572768125,0
100598,0.008313653873633173,0
100599,0.009832989986852121,0
100600,0.006318411953432522,0
100601,0.00853071278335444,0
100602,0.0056650665027892155,0
100603,0.018852544636485905,0
100604,0.01836862862204439,0
100605,0.007662271313779057,0
100606,0.007215790760697393,0
100607,0.006989972146436636,0
100608,0.007989473954463212,0
100609,0.0063289490691574475,0
100610,0.010697263440715688,0
100611,0.009198997023498344,0
100612,0.0065584329461026965,0
100613,0.007382637683307194,0
100614,0.08566417200459059,0
100615,0.9882988949203886,1
100616,0.006074184413333232,0
100617,0.0056320203999739435,0
100618,0.010637575630768255,0
100619,0.006033187479782986,0
100620,0.009991674272815408,0
100621,0.986789111595581,1
100622,0.007473994460196613,0
100623,0.009824971071749677,0
100624,0.0066163319531736455,0
100625,0.010649734523619492,0
100626,0.008068711846700162,0
100627,0.0062823957076356355,0
100628,0.15623159665852837,0
100629,0.008552940762107195,0
100630,0.007843384660594536,0
100631,0.007127071151897016,0
100632,0.007080297124420063,0
100633,0.010351411230320542,0
100634,0.006456487194555757,0
100635,0.00568281884078604,0
100636,0.01062005123479533,0
100637,0.012404419684802525,0
100638,0.009935141180422238,0
100639,0.013010179898775039,0
100640,0.006754265574317368,0
100641,0.007822529137095165,0
100642,0.006017768480092616,0
100643,0.010379363916586384,0
100644,0.009084524258740416,0
100645,0.011785962272296788,0
100646,0.9949302327326325,1
100647,0.009841208744693051,0
100648,0.009481172957526329,0
100649,0.013842980380060748,0
100650,0.005209964749827765,0
100651,0.03158380818713065,0
100652,0.02285046988996663,0
100653,0.0074663588070668155,0
100654,0.006854416496664777,0
100655,0.018855305440076298,0
100656,0.007851779601465958,0
100657,0.10545585889398923,0
100658,0.06849428191780016,0
100659,0.016035613460694417,0
100660,0.007133122673930648,0
100661,0.00815426718630414,0
100662,0.007036983125906886,0
100663,0.0065248436873558,0
100664,0.0075587313091327905,0
100665,0.006960506914378941,0
100666,0.006318688437987014,0
100667,0.009114497542595103,0
100668,0.009381361583361872,0
100669,0.006097101988204438,0
100670,0.008344474345205204,0
100671,0.005738892155482967,0
100672,0.006152251761955572,0
100673,0.008840587059550974,0
100674,0.10345287398370272,0
100675,0.008433988090001246,0
100676,0.020964385435887994,0
100677,0.0352398977920361,0
100678,0.0078029910364823575,0
100679,0.00887709351557125,0
100680,0.006262661802134154,0
100681,0.007023120471003343,0
100682,0.007652157935952516,0
100683,0.08807745272185448,0
100684,0.006999433999211691,0
100685,0.007260178836527083,0
100686,0.017036159927592186,0
100687,0.00945488049356173,0
100688,0.011129019539633255,0
100690,0.00679218133515376,0
100691,0.010303608234073721,0
100692,0.004569128948246294,0
100693,0.012257313733745171,0
100694,0.006575513825230123,0
100695,0.12563419400001108,0
100696,0.03766058621278174,0
100697,0.0072100480908686695,0
100698,0.007150788817500708,0
100699,0.009941124248238422,0
100700,0.02176261575923708,0
100701,0.008497957061981969,0
100702,0.005620763334091164,0
100703,0.006420833524107779,0
100704,0.008442933404444155,0
100705,0.0057377668345225865,0
100706,0.0069618384267040615,0
100707,0.00788911938211638,0
100708,0.007219828473813562,0
100709,0.008797449698388728,0
100710,0.008671037540579577,0
100711,0.014285628234831897,0
100712,0.004338050307968438,0
100713,0.9881679177376433,1
100714,0.006969804333762907,0
100715,0.033725279410802264,0
100716,0.00596611937965784,0
100717,0.00697124812999834,0
100718,0.17452729974189482,0
100719,0.005978370675744852,0
100720,0.0758793825808007,0
100721,0.006453818075767021,0
100722,0.007476254426102343,0
100723,0.9943781864335964,1
100724,0.004310360340063317,0
100725,0.0054417205777165505,0
100726,0.005578127615890036,0
100727,0.009547849102723847,0
100728,0.006931321304701413,0
100729,0.016492800826594677,0
100730,0.008139050199768115,0
100731,0.00615125349790215,0
100732,0.010818362736545056,0
100733,0.005284891137345282,0
100734,0.02121004732097205,0
100735,0.007089488953418155,0
100736,0.035859610553712354,0
100737,0.008446269826562325,0
100738,0.9932521737622975,1
100739,0.9873072676725544,1
100740,0.007989511272636465,0
100741,0.040521122023624,0
100742,0.004116228049489814,0
100743,0.007517164589064013,0
100744,0.017346048229241923,0
100745,0.006534040715555443,0
100746,0.010324684775851781,0
100747,0.011333331714468726,0
100748,0.009157869203692921,0
100749,0.006684590238454631,0
100750,0.012686631762288167,0
100751,0.008312298416027396,0
100752,0.004832847980156433,0
100753,0.006166581722072986,0
100754,0.013065632867635272,0
100755,0.9901835001305296,1
100756,0.007891940369839976,0
100757,0.005031754951318274,0
100758,0.9874803989963299,1
100759,0.006857603020845528,0
100760,0.013996007713267181,0
100761,0.006725194796934897,0
100762,0.007919773652048635,0
100763,0.006406846900236238,0
100764,0.008346785647143421,0
100765,0.005091513843957251,0
100766,0.006388507222825761,0
100767,0.016892949240595492,0
100768,0.007837506431991433,0
100769,0.008898721991752906,0
100770,0.024861441023461096,0
100771,0.00813925672069451,0
100772,0.007034211477987919,0
100773,0.07002826005436068,0
100774,0.011565711420246424,0
100775,0.012495025805884779,0
100776,0.007172730594388586,0
100777,0.006802676471190423,0
100778,0.010025833753379974,0
100779,0.005782470358440667,0
100780,0.3691871795865085,0
100781,0.006744482936408559,0
100782,0.010304534787593,0
100783,0.012799380054950725,0
100784,0.006700235708880684,0
100785,0.09506351275503074,0
100786,0.006540007801156943,0
100787,0.007377946284416995,0
100788,0.036226130135990665,0
100789,0.00800125212282978,0
100790,0.011842998112906516,0
100791,0.008960896299458496,0
100792,0.017845219516806222,0
100793,0.007285239057342648,0
100794,0.009476184709255929,0
100795,0.005719341623927114,0
100796,0.007102047073085836,0
100797,0.028555214294586503,0
100798,0.09225202644401226,0
100799,0.9863078104824947,1
100800,0.009829132644671886,0
100801,0.009923905065230727,0
100802,0.011487640037798381,0
100803,0.0393864018480816,0
100804,0.016748348478320418,0
100805,0.006426871319401325,0
100806,0.010650334187004534,0
100807,0.005879460162302958,0
100808,0.07225307489973841,0
100809,0.008206823047188627,0
100810,0.006076187790077134,0
100811,0.009303068730168493,0
100812,0.006792413721000983,0
100813,0.00595684246453961,0
100814,0.0060601552080685765,0
100815,0.014245535492270422,0
100816,0.007819161074428515,0
100817,0.012480444134238685,0
100818,0.00836308365882976,0
100819,0.005942828564222974,0
100820,0.006464553583396941,0
100821,0.9984388229170711,1
100822,0.9885761089275041,1
100823,0.004608697256590302,0
100824,0.008369493022174946,0
100825,0.01675368024278511,0
100826,0.08151309648530156,0
100827,0.007419960461777479,0
100828,0.010980582373145368,0
100829,0.00692933900153099,0
100830,0.9910641762267512,1
100831,0.008869919640483339,0
100832,0.007601444806707499,0
100833,0.006160956370564626,0
100834,0.11091199056150614,0
100835,0.016165165566182256,0
100836,0.9147439515543655,1
100837,0.06114850738444303,0
100838,0.005058897764575764,0
100839,0.009869679733622417,0
100840,0.007495486363922988,0
100841,0.007505496092377837,0
100842,0.01938261028730854,0
100843,0.005034352476512623,0
100844,0.021605324964204663,0
100845,0.00758024465352539,0
100846,0.005607405331452758,0
100847,0.0056895222581245025,0
100848,0.8882584527630489,1
100849,0.013312104004737502,0
100850,0.007213508601784235,0
100851,0.009013071453170802,0
100852,0.007053814867823139,0
100853,0.05758106961685995,0
100854,0.008984753347162902,0
100855,0.005801776507309554,0
100856,0.01784609693518935,0
100857,0.012539391643914636,0
100858,0.9875610895676193,1
100859,0.011186523442222809,0
100860,0.005437611260584689,0
100861,0.005579163062863091,0
100862,0.01178382033598926,0
100863,0.00801296432072141,0
100864,0.007121595219766667,0
100865,0.01563906538140233,0
100866,0.022325459314943844,0
100867,0.007113706969013297,0
100868,0.008333205828651429,0
100869,0.005221127919535886,0
100870,0.006409884667795144,0
100871,0.9390307749405784,1
100872,0.02297234098928217,0
100873,0.023274555261304293,0
100874,0.008517218818850932,0
100875,0.009102156201436765,0
100876,0.009092977751802287,0
100877,0.00694664363090109,0
100878,0.0064088425272106325,0
100879,0.02488759655116927,0
100880,0.005730071015262125,0
100881,0.0172165803116776,0
100882,0.006918949378940621,0
100883,0.006974174151841888,0
100884,0.010166701751617414,0
100885,0.01155243550794976,0
100886,0.006038298343534567,0
100887,0.010412145754315557,0
100888,0.013807168034895111,0
100889,0.006344895499676736,0
100890,0.9962377751567869,1
100891,0.008687513174231989,0
100892,0.005132330379124486,0
100893,0.007128668723276012,0
100894,0.005560383313206116,0
100895,0.007457844932958348,0
100896,0.9842312274387643,1
100897,0.007151781627225276,0
100898,0.07697895141273074,0
100899,0.016017777503083287,0
100900,0.9832667189979039,1
100901,0.9942521299482654,1
100902,0.010277011820332568,0
100903,0.007839285782954597,0
100904,0.013608243810481414,0
100905,0.005908531932233595,0
100906,0.008410097109112552,0
100907,0.004903904430511891,0
100908,0.008568748702271303,0
100909,0.006338015393225265,0
100910,0.007209917036850194,0
100911,0.007618961108612117,0
100912,0.993908562007005,1
100913,0.009282957832036793,0
100914,0.007336295047838783,0
100915,0.005040193021287659,0
100916,0.0900144471555176,0
100917,0.005939963949192436,0
100918,0.005063810009272377,0
100919,0.006207854736609037,0
100920,0.00807363791266527,0
100921,0.007177478806184937,0
100922,0.014600091648184526,0
100923,0.006836583812331773,0
100924,0.008520492571161734,0
100925,0.007262171155272993,0
100926,0.010083394467228834,0
100927,0.005584060969753561,0
100928,0.01121790187769007,0
100929,0.00843762691245384,0
100930,0.027244733113208162,0
100931,0.006937310512107666,0
100932,0.0064687680875003765,0
100933,0.0064357510422173555,0
100934,0.013356685363624114,0
100935,0.007464408082241729,0
100936,0.006343053433609,0
100937,0.005773376011808125,0
100938,0.01528995168786433,0
100939,0.011023951023754766,0
100940,0.9954221599004397,1
100941,0.005198098521919384,0
100942,0.04383761834671382,0
100943,0.022407083044074867,0
100944,0.018755858427286907,0
100945,0.12026927264273532,0
100946,0.005846299837984169,0
100947,0.005599395243723316,0
100948,0.009738479778561458,0
100949,0.00819761433468272,0
100950,0.014711386170337534,0
100951,0.013288277582989576,0
100952,0.005539737954750894,0
100953,0.004748645389414555,0
100954,0.004990813080007353,0
100955,0.009076419407833778,0
100956,0.004232683677386574,0
100957,0.011641012423539425,0
100958,0.020312785264753584,0
100959,0.0038022001256254184,0
100960,0.00554660883322996,0
100961,0.03841999459889609,0
100962,0.009275029663637689,0
100963,0.0454324656879994,0
100964,0.005338378935066116,0
100965,0.028272473097067083,0
100966,0.005982494742209185,0
100967,0.009114516894620527,0
100968,0.005953584336928838,0
100969,0.01403484202112254,0
100970,0.008912703459050939,0
100971,0.009755901171897572,0
100972,0.009204143684056964,0
100973,0.009399971127590905,0
100974,0.006017150687608346,0
100975,0.0035829370449320364,0
100976,0.03277145767003988,0
100977,0.009847449084151198,0
100978,0.005623903683143158,0
100979,0.02465909912377997,0
100980,0.006363124206596297,0
100981,0.045196971273860694,0
100982,0.007870009349403545,0
100983,0.012736607107816182,0
100984,0.19780359100561495,0
100985,0.013300948502649172,0
100986,0.009595242055026562,0
100987,0.010186009929488584,0
100988,0.13139763761601514,0
100989,0.06885077164018172,0
100990,0.9849113839705943,1
100991,0.006223271453689524,0
100992,0.005033061272411016,0
100993,0.014364337053137399,0
100994,0.021011889216355235,0
100995,0.006535936149079987,0
100996,0.02112052523941307,0
100997,0.015194648603198684,0
100998,0.006548759299368657,0
100999,0.9885964474197187,1
101000,0.030258868324396025,0
101001,0.025676766697294157,0
101002,0.002139429943591077,0
101004,0.016764141706536076,0
101005,0.0032074444235449446,0
101006,0.0032495092756681995,0
101008,0.029844872079277496,0
101009,0.02205467223523023,0
101010,0.11499217822391351,0
101011,0.047767994631417225,0
101012,0.012733109149377957,0
101013,0.0008609853501312367,0
101016,0.029790165126907197,0
101018,0.02870551194196928,0
101019,0.010859337420150616,0
101020,0.010694158945572655,0
101022,0.02208494560911189,0
101023,0.020240249869121464,0
101025,0.0069122798653304665,0
101026,0.009205041032058327,0
101027,0.022665909942897085,0
101028,0.011391215331633306,0
101031,0.01819492820723296,0
101032,0.24459782319250514,0
101034,0.05127671987366851,0
101035,0.02595554065745889,0
101036,0.060248449851982876,0
101037,0.028680884684101456,0
101038,0.019976325359484966,0
101039,0.018113142613121327,0
101041,0.0006530239813508285,0
101042,0.0013563732543006282,0
101043,0.02119019253796036,0
101044,0.008562422351520195,0
101045,0.006197686496809829,0
101047,0.01742592914130947,0
101048,0.025042518466080778,0
101050,0.019479500115241476,0
101052,0.012675241266658435,0
101053,0.005695713393706467,0
101054,0.05335969327908307,0
101055,0.00045438261492029646,0
101057,0.007823742740962357,0
101059,0.009887441706790507,0
101060,0.0024883795521463375,0
101061,0.00698786484288272,0
101062,0.03833774217970555,0
101064,0.011361776064500815,0
101066,0.01084571972513573,0
101067,0.11389265465854562,0
101068,0.014094405685135302,0
101069,0.07703448812508437,0
101070,0.018501315050581904,0
101071,0.020098684687573788,0
101072,0.006535385216744415,0
101074,0.0011347734551428682,0
101075,0.032263992701382915,0
101076,0.004844305025747902,0
101077,0.0021951670827123153,0
101078,0.010329294952422711,0
